sno,sna,sarea,lng,lat,7,8,9,10,11,12,13,14,15,16,17,18,19,20,21,22,23,24
1,捷運市政府站(3號出口),信義區,121.5679044,25.04085789,0.47,0.5,0.71,0.73,0.67,0.94,0.76,0.81,0.86,0.78,0.74,0.76,0.78,0.7,0.69,0.56,0.1,0.16
2,捷運國父紀念館站(2號出口),大安區,121.55742,25.041254,0.27,0.4,0.62,0.38,0.5,0.29,0.65,0.62,0.19,0.31,0.42,0.1,0.44,0.21,0.25,0.06,0.04,0.02
3,台北市政府,信義區,121.5651694,25.03779722,0.49,0.54,0.59,0.82,0.36,0.51,0.74,0.67,0.26,0.23,0.21,0.38,0.51,0.51,0.62,0.23,0.18,0.15
4,市民廣場,信義區,121.562325,25.03603611,0.13,0.17,0.45,0.33,0.5,0.78,0.8,0.78,0.77,0.72,0.58,0.6,0.67,0.65,0.62,0.72,0.55,0.57
5,興雅國中,信義區,121.5686639,25.03656389,0.22,0.35,0.5,0.5,0.52,0.61,0.59,0.5,0.32,0.44,0.32,0.73,0.77,0.78,0.58,0.73,0.18,0.49
6,臺北南山廣場,信義區,121.565973,25.034047,0.06,0.1,0.32,0.41,0.44,0.54,0.53,0.62,0.56,0.6,0.6,0.68,0.58,0.54,0.36,0.19,0.22,0.03
7,信義廣場(台北101),信義區,121.5656194,25.03303889,0.39,0.4,0.35,0.31,0.3,0.35,0.37,0.65,0.85,0.69,0.61,0.62,0.76,0.76,0.8,0.39,0.25,0.11
8,世貿三館,信義區,121.5636889,25.03521389,0.37,0.46,0.32,0.63,0.68,0.83,0.86,0.8,1,0.78,0.81,0.83,0.63,0.78,0.78,0.64,0.54,0.44
9,松德站,信義區,121.57448,25.031785,0.47,0.62,0.4,0.2,0.1,0.15,0.1,0.12,0.23,0.4,0.35,0.56,0.36,0.18,0.33,0.47,0.7,0.7
10,台北市災害應變中心,信義區,121.5661167,25.02866111,0.58,0.58,0.62,0.35,0.42,0.23,0.33,0.58,0.56,0.38,0.31,0.44,0.65,0.4,0.35,0.67,0.57,0.7
11,三張犁,信義區,121.55762,25.034937,0.61,0.53,0.18,0.11,0.09,0.23,0.42,0.38,0.35,0.2,0.06,0.2,0.33,0.53,0.5,0.45,0.8,0.78
12,臺北醫學大學,信義區,121.561747,25.026679,0.19,0.31,0.9,0.62,0.69,0.58,0.4,0.02,0.44,0.34,0.02,0.12,0.02,0.29,0.15,0.19,0.44,0.5
13,福德公園,信義區,121.58367,25.03809,0.55,0.41,0.38,0.74,0.6,0.53,0.48,0.41,0.47,0.43,0.38,0.28,0.29,0.28,0.29,0.26,0.5,0.41
14,榮星花園,中山區,121.54037,25.06424,0.84,0.5,0.12,0.56,0.53,0.28,0.19,0.03,0.03,0.03,0.12,0.16,0.5,0.06,0,0.97,0.56,0.94
15,饒河夜市,松山區,121.571885,25.049845,0.67,0.65,0.72,0.68,0.72,0.58,0.47,0.55,0.52,0.5,0.52,0.54,0.58,0.49,0.44,0.44,0.58,0.36
16,松山家商,信義區,121.579135,25.036084,0.42,0.48,0.5,0.58,0.54,0.48,0.21,0.21,0.25,0.08,0,0.1,0.1,0.04,0.28,0.23,0.46,0.54
17,民生光復路口,松山區,121.55514,25.05862,0.56,0.5,0.74,0.82,0.82,0.74,0.68,0.5,0.53,0.41,0.38,0.38,0.68,0.56,0.44,0.24,0.32,0.5
18,臺北市藝文推廣處,松山區,121.552278,25.048268,0.5,0.61,0.68,0.42,0.45,0.55,0.37,0.32,0.5,0.5,0.21,0.42,0.58,0.24,0.26,0.29,0.34,0.29
19,象山公園,信義區,121.56981,25.02863,0.43,0.69,0.62,0.72,0.9,0.73,0.53,0.53,0.63,0.33,0.53,0.23,0,0.41,0.72,0.38,0.45,0.5
20,捷運科技大樓站,大安區,121.543293,25.025896,0.79,0.89,0.8,0.67,0.86,0.99,0.74,0.6,0.57,0.51,0.41,0.5,0.67,0.71,0.53,0.34,0.23,0.37
21,民生敦化路口,松山區,121.548982,25.057985,0.12,0.08,0.3,0.32,0.36,0.42,0.42,0.38,0.32,0.4,0.42,0.33,0.3,0.64,0.59,0.58,0.62,0.55
22,松山車站,信義區,121.57845,25.048824,0.43,0.61,0.84,0.8,0.64,0.86,0.89,0.57,0.77,0.81,0.59,0.34,0.11,0.2,0.84,0.16,0.32,0.3
23,東新國小,南港區,121.602798,25.055074,0.56,0.5,0.38,0.19,0.47,0.03,0.06,0.22,0.38,0.22,0.03,0.12,0.16,0.38,0.53,0.22,0.66,0.81
24,信義建國路口,大安區,121.53747,25.03293,0.57,0.48,0.04,0.02,0.59,0.3,0.24,0.28,0.78,1,0.98,0.46,0.02,0.11,0.28,0.5,0.59,0.43
25,永吉松信路口,信義區,121.57205,25.04543,0.37,0.67,0.6,0.73,0.33,0.37,0.43,0.3,0.27,0.77,0.8,0.03,0.57,0.27,0.07,0.5,0.4,0.57
26,捷運昆陽站(1號出口),南港區,121.592375,25.050142,0.57,0.52,0.48,0.57,0.6,0.69,0.71,0.64,0.43,0.33,0.62,0.6,0.71,0.69,0.48,0.55,0.33,0.38
27,捷運南港展覽館站(5號出口),南港區,121.61669,25.05469,0.05,0.12,0.31,0.83,0.29,0.45,0.86,0.33,0.29,0.26,0.26,0.61,0.57,0.33,0.24,0.57,0.07,0.43
28,五常公園,信義區,121.57467,25.04814,0.44,0.72,0.56,0.62,0.59,0.44,0.53,0.25,0.31,0.38,0.31,0.47,0.12,0.06,0.19,0.28,0.66,0.75
29,金山愛國路口,大安區,121.52655,25.03164,0.33,0.17,0.22,0.26,0.33,0.39,0.22,0.35,0.35,0.22,0.15,0.02,0.39,0.52,0.52,0.52,0.37,0.3
30,基隆長興路口,大安區,121.544352,25.017054,0.78,0.78,0.54,0.61,0.73,0.74,0.47,0.64,0.76,0.68,0.58,0.41,0.16,0.3,0.62,0.96,1,0.78
31,辛亥新生路口,大安區,121.53456,25.022413,0.57,0.63,0.37,0.47,0.37,0.37,0.33,0.77,0.77,0.7,0.7,0.27,0.07,0.23,0.3,0.8,0.47,0.4
32,捷運六張犁站,大安區,121.553161,25.023884,0.45,0.5,0.66,0.61,0.71,0.53,0.03,0.29,0.5,0.26,0.21,0.42,0.32,0.03,0.03,0.5,0.66,0.5
33,中崙高中,松山區,121.56087,25.04878,0.28,0.24,0.09,0.2,0.24,0.28,0.11,0.3,0.41,0.65,0.59,0.41,0.48,0.54,0.35,0.35,0.41,0.39
34,捷運行天宮站(1號出口),中山區,121.532934,25.058369,0.39,0.55,0.32,0.26,0.13,0.58,0.55,0.38,0.34,0.53,0.5,0.41,0.56,0.69,0.53,0.53,0.78,0.75
35,捷運行天宮站(3號出口),中山區,121.533302,25.059978,0.66,0.48,0.57,0.7,0.47,0.62,0.83,0.53,0.67,0.6,0.53,0.87,0.67,0.5,0.4,0.4,0.3,0.6
36,臺大資訊大樓,大安區,121.54153,25.02101,0.15,0.19,0.17,0.26,0.31,0.17,0.29,0.56,0.65,0.5,0.88,0.61,0.61,0.25,0.18,0.07,0.08,0.11
37,捷運東門站(4號出口),大安區,121.528988,25.0337,0.74,0.74,0.74,0.57,0.54,0.48,0.07,0.11,0.07,0.09,0.04,0.39,0.8,0.43,0.13,0.07,0.52,0.41
38,臺灣師範大學(圖書館),大安區,121.52889,25.02665,0.03,0.18,0.29,0.53,0.29,0.38,0.21,0.7,0.44,0.38,0.56,0.35,0.24,0.53,0.47,0.47,0.44,0.15
39,南港世貿公園,南港區,121.61422,25.058,0.46,0.35,0.46,0.42,0.62,0.69,0.42,0.38,0.19,0.62,0.35,0.27,0.62,0.62,0.5,0.31,0.27,0.35
40,玉成公園,南港區,121.5864,25.04287,0,0,0,0,0,0,0,0,0,0,0,0,0,0,0,0,0,0
41,中研公園,南港區,121.613706,25.047425,0.37,0.37,0.4,0.47,0.6,0.5,0.33,0.6,0.67,0.43,0.6,0.6,0.2,0.24,0.55,0.97,0.4,0.57
42,捷運後山埤站(1號出口),信義區,121.58174,25.04431,0.58,0.21,0.61,0.61,0.74,0.87,0.74,0.66,0.79,0.53,0.18,0.21,0.55,0.45,0.45,0.32,0.21,0.21
43,凌雲市場,南港區,121.614154,25.035639,0.69,0.78,0.72,0.69,0.56,0.5,0.47,0.44,0.39,0.47,0.39,0.33,0.64,0.28,0.5,0.58,0.69,0.56
44,捷運南港軟體園區站(2號出口),南港區,121.616187,25.05973,0.6,0.54,0.6,0.66,0.69,0.69,0.63,0.66,0.69,0.57,0.49,0.4,0.6,0.49,0.43,0.4,0.54,0.49
45,捷運公館站(2號出口),大安區,121.534538,25.01476,0.27,0.2,0.37,0.07,0.57,0.13,0.33,0.27,0.57,0.4,0.83,0.27,0.6,0.17,0.13,0.73,0.1,0.3
46,南港國小,南港區,121.611027,25.05646,0.48,0.43,0.41,0.45,0.5,0.48,0.41,0.39,0.41,0.2,0.18,0.16,0.23,0.14,0.2,0.3,0.3,0.39
47,捷運忠孝新生站(3號出口),大安區,121.533862,25.041924,0.44,0.56,0.56,0.47,0.67,0.33,0.22,0.28,0.14,0.19,0.28,0.14,0.28,0.14,0,0,0.11,0.17
48,南港車站(忠孝東路),南港區,121.608202,25.05247,0.29,0.37,0.29,0.29,0.24,0.26,0.24,0.16,0.18,0.45,0.47,0.66,0.53,0.58,0.5,0.42,0.5,0.37
49,龍門廣場,大安區,121.548252,25.040901,0.31,0.37,0.57,0.04,0.24,0.47,0.61,0.24,0.35,0.43,0.71,0.1,0.31,0.25,0.04,0.26,0.34,0.76
50,民權運動公園,松山區,121.560186,25.062002,0.48,0.48,0.42,0.46,0.46,0.52,0.58,0.6,0.66,0.6,0.66,0.6,0.32,0.32,0.42,0.38,0.5,0.46
51,建國農安街口,中山區,121.536775,25.065031,0.55,0.52,0.47,0.5,0.67,0.48,0.49,0.42,0.31,0.26,0.29,0.17,0.21,0.21,0.19,0.05,0.62,0.69
52,建國長春路口,中山區,121.536925,25.054761,0.37,0.17,0.33,0.37,0.4,0.17,0.13,0.23,0.07,0.1,0.07,0.27,0.3,0.53,0.43,0.63,0.47,0.57
53,八德市場,中山區,121.536609,25.044781,0.62,0.73,0.69,0.19,0.04,0.35,0.08,0.31,0.62,0.58,0.46,0.35,0.46,0.38,0.23,0.12,0.19,0.12
54,臺北市立圖書館(總館),大安區,121.538073,25.028798,0.53,0.37,0.33,0.5,0.57,0.17,0.97,0.52,0.62,0.03,0,0.1,0.17,0.37,0.37,0.6,0.63,0.8
55,臺北田徑場,松山區,121.549408,25.049505,0.16,0.18,0.09,0.13,0.07,0.2,0.22,0.24,0.5,0.43,0.22,0.15,0.4,0.49,0.22,0,0.36,0.31
56,仁愛林森路口,中正區,121.522334,25.038954,0.19,0.31,0.69,0.71,0.4,0.29,0.33,0.74,0.86,0.5,0.45,0.31,0.29,0.07,0.21,0.07,0.21,0.17
57,新生和平路口,大安區,121.53519,25.026217,0.5,0.55,0.68,0.61,0.33,0.28,0.16,0.74,0.89,0.68,0.61,0.36,0.39,0.48,0.2,0.16,0.59,0.66
58,捷運善導寺站(1號出口),中正區,121.5222,25.045267,0.19,0.08,0.4,0.42,0.5,0.71,0.67,0.48,0.42,0.35,0.33,0.15,0.5,0.42,0.35,0.33,0.4,0.4
59,林森公園,中山區,121.525805,25.052227,0.53,0.47,0.43,0.5,0.4,0.6,0.63,0.47,0.47,0.27,0.37,0.6,0.37,0.3,0.33,0.47,0.34,0.21
60,中山行政中心,中山區,121.533487,25.064317,0.39,0.39,0.4,0.43,0.43,0.4,0.37,0.5,0.5,0.63,0.73,0.4,0.43,0.3,0.5,0.86,0.69,1
61,台灣科技大學,大安區,121.539723,25.0131,0.39,0.65,0.74,0.26,0.13,0.15,0.24,0.24,0.2,0.76,0.37,0.33,0.02,0.33,0.35,0.11,0.57,0.61
62,南昌公園,中正區,121.520258,25.026827,0.06,0.06,0.44,0.71,0.65,0.59,0.82,0.88,0.44,0.47,0.65,0.59,0.76,0.68,0.38,0.35,0.15,0
63,仁愛醫院,大安區,121.545632,25.037569,0.39,0.72,0.67,0.17,0.42,0.56,0.56,0.25,0.22,0.44,0.78,0.64,0.51,0.17,0.2,0.03,0.06,0.26
64,國家圖書館,中正區,121.517029,25.037773,0.28,0.36,0.68,0.58,0.68,0.62,0.66,0.72,0.66,0.74,0.44,0.44,0.34,0.4,0.34,0.12,0.08,0.06
65,青年公園3號出口,萬華區,121.502708,25.022725,0.69,1,0.69,0.53,0.47,0.36,0.39,0.58,0.53,0.61,0.64,0.03,0.03,0.08,0.17,0.47,0.58,0.75
66,師範大學公館校區,文山區,121.537188,25.007528,0.37,0.24,0.51,0.3,0.46,0.45,0.33,0.1,0.26,0.19,0.05,0.07,0.29,0.55,0.79,0.4,0.29,0.52
67,捷運臺大醫院(4號出口),中正區,121.516428,25.042973,0.54,0.5,0.35,0.46,0.35,0.38,0.38,0.25,0.33,0.17,0.77,0.42,0.15,0.77,0.62,0.19,0.15,0
68,國興青年路口,萬華區,121.506536,25.025865,0.78,0.58,0.58,0.67,0.61,0.67,0.58,0.72,0.81,0.5,0.25,0.5,0.61,0.56,0.42,0.19,0.53,0.56
69,興豐公園,文山區,121.547778,24.999837,0.62,0.68,0.56,0.71,0.62,0.41,0.35,0.38,0.44,0.35,0.38,0.47,0.32,0.38,0.21,0.15,0.21,0.44
70,捷運台北101/世貿站,信義區,121.561645,25.032752,0.78,0.67,0.4,0.54,0.65,0.79,0.84,0.39,0.31,0.04,0.2,0.61,0.43,0.45,0.43,0.43,0.33,0.47
71,捷運信義安和站(4號出口),大安區,121.554204,25.032985,0.97,0.4,0.2,0.87,0.23,0.73,0.9,0.4,0.23,0.37,0,0,0.73,0.37,0.27,0.17,0.03,0.13
72,新生長安路口,中山區,121.529346,25.048611,0.6,0.6,0.48,0.48,0.38,0.31,0.29,0.14,0.05,0.07,0.14,0.07,0.12,0.5,0.52,0.71,0.76,0.79
73,酒泉延平路口,大同區,121.510195,25.072228,0.34,0.38,0.28,0.28,0.25,0.25,0.12,0.12,0.16,0.16,0.19,0.28,0.16,0.28,0.19,0.34,0.47,0.5
74,信義連雲街口,中正區,121.530547,25.033817,0.28,0.25,0.2,0.03,0.03,0.07,0.03,0.03,0.25,0.3,0.33,0.3,0.4,0.53,0.62,0.78,0.4,0.47
75,基隆光復路口,信義區,121.557635,25.0300508,0.03,0.33,0.33,0.3,0.27,0.03,0.13,0.17,0.4,0.4,0.33,0.53,0.63,0.43,0.53,0.67,0.63,0.53
76,新生長春路口,中山區,121.527522,25.056387,0.6,0.77,0.63,0.09,0.14,0.19,0.36,0.22,0.39,0.25,0.19,0.28,0.22,0.22,0.31,0.36,0.58,0.56
77,民生活動中心,松山區,121.56297,25.059147,0.47,0.47,0.41,0.56,0.81,0.75,0.53,0.38,0.38,0.16,0,0.34,0.25,0.47,0.5,0.5,0.53,0.5
78,捷運圓山站(2號出口),大同區,121.519287,25.071824,0.57,0.71,0.58,0.4,0.35,0.4,0.48,0.38,0.25,0.42,0.13,0.79,0.92,0.96,0.52,0.38,0,0
79,捷運民權西路站(3號出口),大同區,121.520205,25.061285,0.41,0.47,0.31,0.37,0.41,0.37,0.31,0.49,0.47,0.37,0.27,0.14,0.18,0.12,0.02,0.04,0.08,0.23
80,華江高中,萬華區,121.495869,25.02751,0.61,0.32,0.36,0.43,0.34,0.39,0.73,0.89,0.73,0.8,0.59,0.36,0.39,0.61,0.34,0.59,0.77,0.73
81,捷運台電大樓站(2號出口),大安區,121.528552,25.020547,0.88,0.85,0.82,0.35,0.15,0.65,0.61,0.33,0.58,0.18,0.28,0.03,0.76,0.29,0,0.71,0.97,0.85
82,捷運西門站(3號出口),中正區,121.508693,25.041778,0.43,0.48,0.47,0.48,0.58,0.28,0.5,0.38,0.55,0.47,0.33,0.15,0.3,0.43,0.45,0.17,0.03,0
83,捷運大安森林公園站,大安區,121.535161,25.033156,0.92,0.89,0.66,0.66,0.58,0.46,0.5,0.46,0.69,0.64,0.68,0.61,0.61,0.42,0.37,0.35,0.14,0.05
84,復華花園新城,萬華區,121.502899,25.029705,0.61,0.61,0.47,0.63,0.47,0.58,0.55,0.5,0.68,0.74,0.66,0.34,0.42,0.42,0.16,0.47,0.42,0.47
85,信義敦化路口,大安區,121.54911,25.033362,0.38,0.58,0.58,0.44,0.49,0.36,0.51,0.51,0.49,0.53,0.53,0.42,0.42,0.53,0.31,0.31,0.33,0.44
86,民權復興路口,松山區,121.545138,25.062344,0.83,0.72,0.69,0.72,0.72,0.83,0.75,0.72,0.83,0.44,0.44,0.64,0.61,0.69,0.78,0.47,0.64,0.36
87,捷運大安站,大安區,121.543057,25.033078,0.9,0.05,0.6,0.65,0.2,0.45,0.85,0.1,0.19,0.29,0.05,0.45,0.05,0,0.32,0.68,0.64,0.32
88,捷運象山站,信義區,121.57087,25.032922,0.55,0.61,0.98,0.76,0.4,0.27,0.35,0.39,0.44,0.42,0.56,0.4,0.56,0.66,0.39,0.33,0.21,0.02
89,和平重慶路口,中正區,121.516385,25.027323,0.86,0.84,0.5,0.73,0.64,0.34,0.36,0.18,0.52,0.5,0.43,0.57,0.14,0.05,0.2,0.52,0.64,0.84
90,老松國小,萬華區,121.501708,25.037783,0.18,0.27,0.11,0.07,0.39,0.39,0.3,0.32,0.3,0.36,0.32,0.25,0.09,0.14,0.09,0.07,0.09,0.23
91,市立美術館,中山區,121.523268,25.070629,0.53,0.61,0.67,0.5,0.56,0.72,0.67,0.83,0.89,0.61,0.61,0.08,0.61,0.5,0.22,0.53,0.47,0.42
92,開封西寧路口,萬華區,121.507169,25.046618,0.43,0.45,0.29,0.38,0.19,0.37,0.46,0.2,0.22,0.2,0.14,0,0.05,0.02,0.31,0.21,0.21,0.26
93,吳興公車總站,信義區,121.569836,25.023877,0.53,0.27,0.84,0.85,0.82,0.62,0.29,0.39,0.48,0.38,0.27,0.13,0.11,0.11,0.29,0.75,0.27,0.55
94,捷運景美站,文山區,121.541059,24.993254,0.25,0.35,0.32,0.54,0.32,0.24,0.43,0.58,0.58,0.4,0.38,0.17,0.63,0.69,0.29,0.56,0.21,0.06
95,東園國小,萬華區,121.497679,25.023393,0.81,0.81,0.69,0.62,0.69,0.62,0.25,0.38,0.31,0,0,0,0.68,0.04,0.07,0.54,1,0.71
96,三民公園,松山區,121.566558,25.061567,0.63,0.67,0.67,0.5,0.43,0.4,0.37,0.3,0.37,0.37,0.17,0.07,0,0.2,0.3,0.43,0.7,0.87
97,捷運劍潭站(2號出口),士林區,121.524721,25.082825,0.56,0.52,0.29,0.35,0.71,0.29,0.6,0.6,0.37,0.54,0.48,0.31,0.13,0.85,0.64,0.56,0.12,0.22
98,羅斯福景隆街口,文山區,121.540197,24.999378,0.76,0.79,0.86,0.79,0.67,0.57,0.55,0.57,0.6,0.43,0.33,0.24,0.36,0.38,0.19,0.14,0.14,0.12
99,捷運雙連站(2號出口),大同區,121.520711,25.057866,0.33,0.43,0.52,0.6,0.74,0.81,0.71,0.83,0.5,0.6,0.33,0.45,0.33,0.52,0.5,0.38,0.26,0.21
100,金山市民路口,中正區,121.530697,25.045753,0.1,0.07,0.15,0.23,0.2,0.17,0.1,0.55,0.47,0.53,0.45,0.2,0.12,0.07,0.03,0.05,0.15,0.12
101,華山文創園區,中正區,121.528487,25.043668,0.39,0.35,0.53,0.59,0.43,0.33,0.37,0.51,0.45,0.33,0.2,0.5,0.46,0.26,0.22,0.06,0.08,0.06
102,臺北市客家文化主題公園,中正區,121.525322,25.02043,0.47,0.34,0.12,0,0.06,0.03,0.31,0.28,0.31,0.34,0.25,0.06,0.53,1,0.47,0.59,0.91,0.56
103,萬華車站,萬華區,121.503028,25.033639,0.38,0.35,0.28,0.25,0.23,0.27,0.22,0.13,0.17,0.15,0.13,0.1,0.13,0.15,0.1,0.18,0.08,0.12
104,台北花木批發市場,文山區,121.54074,25.004023,0.76,0.59,0.7,0.46,0.51,0.54,0.41,0.41,0.46,0.46,0.46,0.3,0.35,0.27,0.57,0.19,0.11,0.22
105,峨嵋停車場,萬華區,121.505409,25.044412,0.29,0.31,0.12,0.14,0.21,0.24,0.24,0.19,0.29,0.02,0.05,0,0.02,0.17,0.29,0.14,0.21,0.02
106,西園艋舺路口,萬華區,121.497674,25.032932,0.57,0.64,0.5,0.43,0.45,0.45,0.57,0.45,0.41,0.43,0.36,0.36,0.32,0.09,0,0.49,0.47,0.34
107,捷運小南門站(1號出口),中正區,121.509422,25.036402,0.44,0.5,0.69,0.61,0.67,0.61,0.61,0.5,0.56,0.57,0.46,0.31,0.2,0.41,0.33,0.28,0.25,0.23
108,臺北孔廟,大同區,121.515843,25.073306,0.59,0.62,0.34,0.78,0.56,0.5,0.41,0.53,0.69,0.75,0.44,0.31,0.28,0.22,0.5,0.28,0.59,0.59
109,林安泰古厝,中山區,121.530805,25.071606,0.25,0.25,0.47,0.42,0.44,0.36,0.33,0.25,0.25,0.19,0.19,0.11,0.08,0.11,0.22,0.31,0.39,0.39
110,文湖國小,內湖區,121.560888,25.086376,0.77,0.63,0.26,0.02,0.55,0.34,0.34,0.2,0.07,0.07,0.11,0,0.14,0.34,0.59,0.3,0.49,0.68
111,捷運忠孝復興站(2號出口),大安區,121.543497,25.040184,0.67,0.31,0.35,0.44,0.43,0.33,0.35,0.52,0.39,0.15,0.72,0.93,0.44,0.3,0,0.33,0.02,0.24
112,捷運新北投站,北投區,121.503124,25.137456,0.85,0.67,0.58,0.48,0.52,0.38,0.19,0.12,0.15,0.3,0.21,0.02,0.1,0.04,0.08,0.17,0.27,0.38
113,仁愛逸仙路口,信義區,121.561178,25.037724,0.62,0.62,0.57,0.54,0.54,0.43,0.27,0.54,0.57,0.59,0.76,0.76,0.65,0.81,0.65,0.41,0.43,0.51
114,蘭雅公園,士林區,121.530386,25.109908,0.28,0.38,0.48,0.14,0.17,0.45,0,0.38,0.52,0.62,0.66,0.52,0.34,0.38,0.45,0.45,0.38,0.41
115,臺北轉運站,中正區,121.520526,25.048222,0.68,0.72,0.54,0.49,0.54,0.43,0.59,0.54,0.74,0.47,0.53,0.49,0.59,0.56,0.47,0.43,0.09,0.41
116,福林公園,士林區,121.530215,25.096122,0.47,0.33,0.42,0.56,0.58,0.67,0.63,0.53,0.51,0.49,0.42,0.37,0.35,0.3,0.35,0.33,0.42,0.51
117,捷運北投站,北投區,121.498618,25.132581,0.43,0.57,0.62,0.78,0.21,0.57,0.67,0.47,0.43,0.48,0.29,0.45,0.26,0.4,0.41,0.26,0.26,0.02
118,大業大同街口,北投區,121.499152,25.136929,0.75,0.5,0.67,0.56,0.44,0.28,0.03,0.08,0.42,0.14,0.17,0.11,0.28,0.42,0.56,0.14,0.42,0.72
119,捷運劍南路站(2號出口),中山區,121.555116,25.08418,0.02,0.14,0.27,0.48,0.39,0.52,0.27,0.46,0.48,0.34,0.34,0.2,0.11,0.29,0.23,0.15,0,0.2
120,捷運龍山寺站(1號出口),萬華區,121.50026,25.035479,0.2,0.13,0.22,0.28,0.3,0.26,0.37,0.43,0.72,0.83,0.93,0.98,0.46,0.2,0.28,0.02,0.02,0.48
121,龍江南京路口,中山區,121.540568,25.05298,0.61,0.62,0.65,0.71,0.64,0.68,0.62,0.62,0.62,0.67,0.68,0.65,0.47,0.44,0.41,0.44,0.44,0.52
122,捷運港墘站(2號出口),內湖區,121.57584,25.079666,0.44,0.5,0.52,0.54,0.38,0.54,0.58,0.46,0.45,0.24,0.24,0.53,0.38,0.4,0.32,0.2,0.22,0.2
123,天母運動公園,士林區,121.534136,25.116325,0.48,0.59,0.52,0.61,0.7,0.66,0.52,0.61,0.77,0.68,0.68,0.55,0.77,0.43,0.48,0.3,0.14,0.25
124,振華公園,北投區,121.518163,25.115863,0.86,0.83,0.71,0.66,0.77,0.86,0.89,0.89,0.77,0.8,0.8,0.31,0.37,0.54,0.63,0.6,0.69,0.66
125,華西公園,萬華區,121.498495,25.038609,0.7,0.83,0.83,0.83,0.33,0.3,0.33,0.37,0.5,0.1,0.1,0.07,0.4,0.33,0.43,0.53,0.87,0.97
126,敦化基隆路口,大安區,121.548336,25.022073,0.57,0.53,0.6,0.6,0.57,0.6,0.57,0.63,0.73,0.8,0.83,0.67,0.34,0.55,0.72,0.86,0.59,0.59
127,東湖國中,內湖區,121.619521,25.073277,0.57,0.65,0.55,0.55,0.53,0.55,0.38,0.35,0.38,0.42,0.38,0.3,0.28,0.28,0.42,0.57,0.78,0.72
128,成功國宅,大安區,121.546726,25.026808,0.56,0.44,0.44,0.36,0.06,0,0.25,0.36,0.47,0.28,0.33,0.17,0.11,0.25,0.31,0.08,0.47,0.69
129,捷運文德站(2號出口),內湖區,121.58456,25.078424,0.54,0.58,0.54,0.56,0.6,0.6,0.56,0.52,0.42,0.36,0.42,0.48,0.52,0.34,0.32,0.42,0.52,0.54
130,羅斯福寧波東街口,中正區,121.519411,25.031445,0.15,0.38,0.31,0.42,0.62,0.62,0.58,0.62,0.54,0.35,0.19,0.04,0.69,0.92,0.38,0.58,0.69,0.65
131,洲子二號公園,內湖區,121.568688,25.079322,0.18,0.18,0.24,0.26,0.35,0.59,0.5,0.62,0.62,0.53,0.5,0.5,0.47,0.71,0.44,0.26,0.06,0.03
132,羅斯福新生南路口,大安區,121.5331757,25.01603085,0.78,0.74,0.67,0.66,0.4,0.61,0.76,0.82,0.83,0.43,0.24,0.4,0.92,0.49,0.91,0.61,0.24,0.18
133,蘭興公園,士林區,121.525888,25.111839,0.4,0.62,0.45,0.5,0.35,0.38,0.07,0.03,0.17,0.07,0.12,0.18,0.38,0.38,0.62,0.21,0.56,0.69
134,捷運芝山站(2號出口),士林區,121.522629,25.10336,0.58,0.64,0,0.09,0.38,0.59,0.9,0.54,0.65,0.71,0.43,0.71,0.54,0.08,0.33,0,0,0.02
135,捷運石牌站(2號出口),北投區,121.515677,25.114513,0.4,0.13,0.09,0.45,0.45,0.57,0.5,0.43,0.56,0.83,0.87,0.37,0.35,0.44,0.37,0.2,0.06,0.26
136,國立臺北護理健康大學,北投區,121.517512,25.118049,0.41,0.76,0.62,0.21,0.37,0.27,0.33,0.3,0.3,0.1,0,0.33,0.23,0.17,0.07,0.1,0.13,0.1
137,國防大學,北投區,121.493066,25.137976,0.27,0.24,0.13,0,0.24,0.18,0.16,0.16,0.09,0.09,0.09,0.07,0.31,0.6,0.64,0.44,0.44,0.44
138,捷運永春站(2號出口),信義區,121.575372,25.040558,0.83,0.7,0.43,0.53,0.83,1,0.7,0.4,0.5,0.2,0.53,0.17,0.3,0.33,0.3,0.2,0.27,0.07
139,永樂市場,大同區,121.510549,25.054501,0.18,0.24,0.39,0.76,0.08,0.03,0.18,0.82,0.58,0.34,0.05,0.03,0.26,0.26,0.39,0.24,0.37,0.34
140,捷運大橋頭站(2號出口),大同區,121.512909,25.063404,0.37,0.5,0.41,0.22,0.17,0.11,0.24,0.09,0.2,0.07,0.33,0.02,0.28,0.35,0.28,0.22,0.04,0.5
141,文山行政中心,文山區,121.569984,24.989902,0.46,0.46,0.72,0.72,0.81,0.8,0.89,0.4,0.43,0.49,0.54,0.38,0.15,0.24,0.21,0.15,0.26,0.26
142,捷運木柵站,文山區,121.574214,24.997747,0.49,0.52,0.54,0.5,0.52,0.52,0.6,0.48,0.54,0.54,0.52,0.52,0.54,0.46,0.42,0.35,0.27,0.12
143,捷運動物園站(2號出口),文山區,121.578752,24.997659,0.26,0.26,0.38,0.39,0.4,0.42,0.4,0.46,0.5,0.47,0.38,0.35,0.35,0.25,0.14,0.04,0,0.11
144,國立政治大學,文山區,121.576536,24.988363,0.29,0.32,0.46,0.49,0.48,0.48,0.46,0.47,0.47,0.44,0.44,0.34,0.36,0.43,0.47,0.41,0.57,0.66
145,樹德公園,大同區,121.516149,25.066688,0.77,0.78,0.47,0.62,0.65,0.62,0.53,0.38,0.45,0.5,0.47,0.28,0.3,0.45,0.23,0.3,0.47,0.65
146,捷運士林站(2號出口),士林區,121.526556,25.092546,0.52,0.35,0.33,0.24,0.24,0.39,0.33,0.2,0.11,0.15,0.28,0.09,0.43,0.13,0.09,0.02,0,0.33
147,士林運動中心,士林區,121.521814,25.089175,0.68,0.77,0.26,0.29,0.06,0.29,0.52,0.58,0.55,0.52,0.68,0.06,0.42,0.68,0.42,0.13,0.29,0.23
148,捷運明德站,北投區,121.518316,25.110331,0.24,0.25,0.4,0.4,0.38,0.37,0.34,0.35,0.4,0.37,0.43,0.35,0.46,0.34,0.43,0.56,0.72,0.63
149,北投運動中心,北投區,121.509621,25.116665,0.74,0.92,0.87,0.66,0.63,0.58,0.37,0.35,0.4,0.24,0.23,0.23,0.23,0.34,0.53,0.32,0.55,0.65
150,松德公園,信義區,121.57343,25.036568,0.53,0.42,0.21,0.18,0,0,0.26,0.26,0.26,0.34,0.42,0.5,0.26,0.34,0.39,0.61,0.68,0.74
151,考試院,文山區,121.549827,24.987507,0.59,0.82,0.48,0.33,0.36,0.38,0.22,0.19,0.22,0.22,0.06,0,0.45,0.36,0.61,0.33,0.61,0.61
152,百齡國小,士林區,121.519175,25.08521,0.75,0.62,0.78,0.55,0.85,0.5,0.3,0.33,0.23,0.23,0.38,0.42,0.33,0.25,0.15,0.55,0.51,0.79
153,蔣渭水紀念公園,大同區,121.516299,25.059885,0.69,0.64,0.58,0.64,0.58,0.42,0.36,0.5,0.25,0.11,0.03,0.19,0.11,0.36,0.54,0.75,0.86,0.86
154,中正基河路口,士林區,121.519867,25.093396,0.57,0.59,0.46,0.51,0.59,0.57,0.46,0.57,0.43,0.38,0.27,0.49,0.38,0.49,0.32,0.46,0.68,0.43
155,瑞光港墘路口,內湖區,121.57505,25.076193,0.37,0.43,0.47,0.4,0.57,0.67,0.77,0.37,0.47,0.73,0.73,0.8,0.53,0.37,0.53,0.73,0.7,0.6
156,東湖國小,內湖區,121.61538,25.06853,0.41,0.38,0.3,0.35,0.59,0.54,0.67,0.36,0.27,0.35,0.19,0.27,0.35,0.32,0.73,0.05,0.11,0.16
157,麗山國小,內湖區,121.571467,25.082703,0.31,0.26,0.17,0.17,0.1,0.26,0.26,0.24,0.26,0.24,0.14,0.05,0.14,0.07,0.1,0.22,0.37,0.41
158,捷運東湖站,內湖區,121.61355,25.067026,0.34,0.36,0.51,0.64,0.6,0.68,0.66,0.72,0.66,0.57,0.55,0.34,0.04,0.23,0.3,0.32,0.06,0.13
159,捷運西湖站(1號出口),內湖區,121.566695,25.082866,0.26,0.11,0.2,0.23,0.43,0.46,0.46,0.37,0.34,0.25,0.25,0.17,0.22,0.28,0.28,0.25,0.14,0.06
161,大豐公園,北投區,121.503768,25.131143,0.76,0.71,0.71,0.38,0.67,0.6,0.56,0.65,0.45,0.47,0.45,0.44,0.51,0.58,0.56,0.84,0.6,0.64
162,捷運中山國小站(4號出口),中山區,121.52772,25.062924,0.49,0.34,0.3,0.24,0.14,0.11,0.07,0.1,0.11,0.06,0.09,0.01,0.06,0.06,0.09,0.1,0.36,0.4
163,捷運麟光站2號出口,大安區,121.559279,25.018097,0.82,0.78,0.72,0.65,0.62,0.56,0.45,0.46,0.46,0.44,0.48,0.25,0.24,0.29,0.38,0.58,0.82,0.9
164,捷運奇岩站,北投區,121.500801,25.126286,0.2,0.31,0.31,0.55,0.71,0.51,0.6,0.67,0.75,0.8,0.75,0.47,0.36,0.42,0.33,0.4,0.25,0.23
165,捷運唭哩岸站(2號出口),北投區,121.505693,25.120788,0.08,0.06,0.06,0.08,0.1,0.15,0.32,0.44,0.4,0.45,0.32,0.35,0.34,0.45,0.52,0.48,0.5,0.47
166,臺北市立景美女中,文山區,121.556177,24.980602,0.29,0.26,0.35,0.41,0.41,0.44,0.35,0.44,0.53,0.5,0.44,0.24,0.35,0.21,0.26,0.44,0.68,0.5
167,臺北市立天文館,士林區,121.518046,25.095714,0.65,0.78,0.45,0.61,0.61,0.69,0.76,0.78,0.6,0.76,0.64,0.46,0.18,0.1,0.04,0.12,0.14,0.14
168,河堤國小,中正區,121.522855,25.02288,0.73,0.64,0.73,0.52,0.45,0.27,0.16,0.09,0.18,0.09,0.11,0.23,0.34,0.41,0.43,0.34,0.45,0.52
169,植物園,中正區,121.509813,25.030015,0.72,0.67,0.57,0.56,0.51,0.48,0.57,0.48,0.59,0.45,0.45,0.39,0.41,0.34,0.59,0.82,0.86,0.89
170,新東公園,松山區,121.568883,25.059245,0.28,0.36,0.26,0.22,0.24,0.12,0.2,0.22,0.26,0.28,0.24,0.22,0.06,0.42,0.28,0.24,0.54,0.56
171,文山運動中心,文山區,121.559651,24.996842,0.66,0.82,0.58,0.61,0.58,0.58,0.55,0.61,0.66,0.63,0.61,0.5,0.53,0.39,0.34,0.24,0.39,0.45
172,捷運南京三民站(1號出口),松山區,121.562891,25.051562,0.88,0.42,0.25,0.58,0.46,0.67,0.54,1,0.58,0.29,0.5,0.04,0.71,0.79,0.22,0.22,0,0.09
173,捷運松江南京站(7號出口),中山區,121.533211,25.052181,0.79,0.82,0.66,0.62,0.61,0.75,0.73,0.71,0.36,0.38,0.54,0.2,0.7,0.45,0.25,0.07,0.07,0.3
174,捷運小巨蛋站(5號出口),松山區,121.553057,25.051702,0.45,0.53,0.38,0.85,0.85,0.66,0.96,1,0.53,0.4,0.44,0.48,0.23,0.4,0.31,0.25,0.81,0.88
175,捷運南京復興站(5號出口),松山區,121.544847,25.051618,0.31,0.35,0.5,0.5,0.62,0.35,0.29,0.04,0.37,0.6,0.5,0.54,0.58,0.25,0.52,0.35,0.25,0.15
176,興安華城,中山區,121.542318,25.055997,0.76,0.79,0.75,0.74,0.68,0.6,0.53,0.59,0.58,0.59,0.56,0.54,0.53,0.75,0.75,0.74,0.69,0.76
177,葫蘆國小,士林區,121.507495,25.082538,0.45,0.5,0.55,0.58,0.53,0.66,0.63,0.61,0.61,0.66,0.53,0.42,0.53,0.61,0.16,0.37,0.61,0.55
178,延平國宅,士林區,121.510306,25.078908,0.43,0.33,0.37,0.43,0.5,0.47,0.5,0.47,0.4,0.43,0.37,0.37,0.2,0.1,0.07,0.33,0.5,0.57
179,南港公園,南港區,121.59073,25.041355,0.67,0.65,0.65,0.62,0.54,0.48,0.44,0.35,0.37,0.37,0.44,0.17,0.04,0.04,0.08,0.04,0.33,0.37
180,福華商場,內湖區,121.592654,25.06877,0.33,0.38,0.45,0.4,0.38,0.4,0.4,0.38,0.38,0.35,0.28,0.33,0.33,0.42,0.47,0.38,0.42,0.47
181,建國和平路口,大安區,121.537383,25.02585,0.61,0.76,1,0.49,0.2,0.63,0.45,0.49,0.47,0.25,0.02,0.06,0.31,0.04,0.06,0.1,0.27,0.37
182,捷運古亭站(2號出口),中正區,121.523537,25.0253,0.31,0.35,0.35,0.53,0.67,0.73,0.78,0.78,0.73,0.65,0.51,0.37,0.45,0.14,0.14,0.02,0.04,0.12
183,圓環站,大同區,121.514179,25.05379,0.69,0.66,0.53,0.59,0.31,0.28,0.28,0.34,0.12,0.12,0.09,0.16,0.03,0.25,0.28,0.19,0.28,0.25
184,劍潭社區,中山區,121.537892,25.084759,0.48,0.43,0.74,0.67,0.64,0.57,0.55,0.55,0.5,0.43,0.4,0.29,0.36,0.33,0.31,0.33,0.4,0.4
185,?公公園,大安區,121.54605,25.042342,0.03,0.13,0.03,0.13,0.14,0.37,0.63,0.63,0.8,0.57,0.33,0.9,0.77,0.53,0.83,0.32,0.57,0.36
186,臺北市立大學,中正區,121.514218,25.035414,0.45,0.46,0.48,0.52,0.4,0.4,0.42,0.38,0.38,0.38,0.31,0.2,0.23,0.17,0.16,0.06,0.04,0.05
187,仁愛延吉街口,大安區,121.555769,25.037465,0.41,0.44,0.41,0.12,0.44,0.41,0.35,0.35,0.53,0.5,0.53,0.44,0.91,0.44,0.29,0.68,0.82,0.97
188,社子國小,士林區,121.50189,25.090293,0.7,0.71,0.71,0.71,0.67,0.75,0.71,0.67,0.65,0.65,0.67,0.59,0.73,0.41,0.45,0.45,0.66,0.75
189,金瑞公園(金龍路),內湖區,121.58781,25.087987,0.68,0.42,0.74,0.47,0.5,0.26,0.05,0.08,0.05,0,0.03,0.13,0.21,0.26,0.29,0.58,0.24,0.34
190,捷運大直站(3號出口),中山區,121.546683,25.079278,0.25,0.28,0.17,0.17,0.25,0.35,0.42,0.5,0.47,0.45,0.5,0.57,0.82,0.82,0.82,0.97,0.8,0.5
191,捷運大湖公園站(2號出口),內湖區,121.60206,25.083873,0.18,0.18,0.14,0.43,0.46,0.43,0.48,0.54,0.54,0.59,0.59,0.61,0.5,0.57,0.3,0.27,0.23,0.23
192,捷運葫洲站(1號出口),內湖區,121.607955,25.072485,0.2,0.27,0.16,0.26,0.23,0.28,0.36,0.39,0.36,0.34,0.36,0.25,0.25,0.2,0.07,0.07,0.27,0.34
193,舊莊區民活動中心,南港區,121.61935,25.041277,0.7,0.61,0.7,0.61,0.7,0.64,0.65,0.59,0.62,0.74,0.71,0.29,0.18,0.35,0.09,0.18,0.24,0.35
194,市民林森路口,中山區,121.524388,25.047958,0.57,0.57,0.51,0.49,0.47,0.39,0.41,0.27,0.2,0.58,0.58,0.7,0.8,0.73,0.86,0.61,0.7,0.66
195,信義杭州路口(中華電信總公司),中正區,121.523987,25.035851,0.62,0.54,0.38,0.78,0.78,0.68,0.84,0.88,0.53,0.47,0.7,0.42,0.34,0.3,0.36,0.56,0.56,0.62
196,新湖國小,內湖區,121.589233,25.068744,0.38,0.21,0.29,0.33,0.33,0.35,0.38,0.29,0.33,0.54,0.5,0.5,0.46,0.38,0.38,0.25,0.38,0.54
197,饒河夜市(八德路側),松山區,121.571885,25.049845,0.65,0.59,0.53,0.5,0.41,0.35,0.38,0.24,0.26,0.18,0.18,0.12,0.26,0.44,0.47,0.24,0.06,0.29
201,東陽公園,南港區,121.597924,25.057164,0.59,0.57,0.55,0.52,0.52,0.52,0.36,0.43,0.5,0.68,0.66,0.55,0.19,0.28,0.47,0.56,0.72,0.84
202,捷運關渡站,北投區,121.467336,25.124646,0.61,0.42,0.37,0.41,0.29,0.34,0.44,0.46,0.36,0.83,0.91,0.29,0.26,0.26,0.62,0.48,0.5,0.41
203,古亭國中,萬華區,121.51057,25.024487,0.55,0.6,0.4,0.33,0.3,0.25,0.25,0.25,0.3,0.28,0.12,0.05,0.15,0.17,0.35,0.33,0.45,0.65
204,臺北市立大學(天母校區),士林區,121.53742,25.113625,0.43,0.38,0.26,0.19,0.36,0.36,0.33,0.33,0.33,0.48,0.5,0.45,0.36,0.55,0.67,0.38,0.59,0.57
205,木柵光輝路口,文山區,121.55561,24.988241,0.71,0.64,0.54,0.54,0.57,0.57,0.57,0.46,0.5,0.54,0.54,0.71,0.14,0.18,0.14,0.21,0.32,0.46
206,捷運辛亥站,文山區,121.55716,25.005386,0.5,0.53,0.47,0.5,0.47,0.47,0.44,0.41,0.44,0.38,0.34,0.22,0.31,0.06,0.22,0.44,0.31,0.34
207,福安國中,士林區,121.487477,25.103242,0.24,0.21,0.24,0.24,0.24,0.34,0.34,0.38,0.41,0.41,0.38,0.45,0.45,0.52,0.52,0.52,0.52,0.52
208,龍山國小,萬華區,121.495342,25.035555,0.75,0.61,0.45,0.45,0.45,0.45,0.36,0.41,0.48,0.5,0.43,0.45,0.43,0.41,0.33,0.42,0.42,0.49
209,捷運復興崗站,北投區,121.486071,25.137837,0.36,0.33,0.4,0.33,0.31,0.4,0.4,0.51,0.41,0.37,0.29,0.27,0.02,0.1,0.05,0.19,0.32,0.26
210,樂群二敬業四路口,中山區,121.558135,25.079766,0.81,0.71,0.66,0.44,0.39,0.36,0.2,0.19,0.05,0.08,0,0.1,0.2,0.39,0.45,0.46,0.66,0.81
211,星雲金湖街口,內湖區,121.597339,25.080915,0.28,0.25,0.2,0.12,0.5,0.5,0.42,0.42,0.5,0.55,0.55,0.47,0.42,0.38,0.4,0.55,0.62,0.62
212,北安大直街口,中山區,121.549452,25.084223,0.38,0.38,0.45,0.45,0.51,0.37,0.35,0.24,0.16,0.57,0.55,0.47,0.41,0.43,0.5,0.56,0.55,0.52
213,蘭雅國小,士林區,121.523107,25.107782,0.17,0.17,0.5,0.47,0.53,0.6,0.67,0.73,0.83,0.93,0.87,0.37,0.27,0.5,0.6,0.8,0.77,0.73
214,基河一期國宅,內湖區,121.578645,25.055935,0.43,0.43,0.39,0.37,0.37,0.35,0.31,0.33,0.26,0.26,0.26,0.24,0.24,0.3,0.28,0.37,0.44,0.48
215,捷運北門站(3號出口),大同區,121.510367,25.04993,0.25,0.23,0.4,0.46,0.52,0.46,0.72,0.54,0.74,0.54,0.46,0.03,0.43,0.38,0.46,0.46,0.23,0.11
216,培英公園,中山區,121.544601,25.082553,0.43,0.72,0.84,0.82,0.6,0.56,0.5,0.48,0.46,0.5,0.54,0.52,0.48,0.4,0.26,0.26,0.38,0.38
217,臺北花市,內湖區,121.574267,25.062645,0.25,0.35,0.42,0.1,0.26,0.41,0.5,0.47,0.65,0.42,0.47,0.82,0.57,0.56,0.46,0.1,0.1,0.03
218,松山高中,信義區,121.564108,25.043299,0,0,0,0,0,0,0,0,0,0,0,0,0,0,0,0,0,0
219,大理高中,萬華區,121.49074,25.031147,0.68,0.97,0.79,0.71,0.68,0.65,0.43,0.3,0.49,0.53,0.55,0.22,0.19,0.32,0.42,0.71,0.95,0.97
220,大稻埕公園,大同區,121.510512,25.059162,0.06,0.11,0.39,0.03,0.06,0.03,0.28,0.19,0.11,0.06,0.25,0.22,0.33,0.75,0.31,0.08,0.36,0.33
221,泰和公園,信義區,121.57107,25.019276,0.5,0.28,0.55,0.3,0.64,0.31,0.1,0.47,0.23,0.07,0.05,0.15,0.23,0.25,0.15,0.45,0.55,0.6
222,撫順公園,中山區,121.522065,25.064108,0.3,0.33,0.43,0.33,0.4,0.27,0.07,0.1,0.1,0.07,0.07,0.1,0.5,0.43,0.23,0.37,0.3,0.53
223,清江國小,北投區,121.507267,25.1274,0.62,0.75,0.78,0.64,0.49,0.33,0.46,0.62,0.42,0.28,0.2,0.12,0.25,0.3,0.55,0.62,0.97,0.8
224,社正公園,士林區,121.510535,25.088243,0.8,0.45,0.38,0.38,0.38,0.4,0.45,0.45,0.45,0.53,0.53,0.38,0.23,0.42,0.42,0.45,0.68,0.57
225,臥龍樂業街口,大安區,121.554839,25.0186,0.75,0.57,0.8,0.72,0.55,0.8,0.75,0.6,0.57,0.53,0.68,0.57,0.28,0.5,0.53,0.47,0.8,0.88
226,向陽南港路口,南港區,121.594228,25.054365,0.41,0.56,0.69,0.59,0.56,0.53,0.53,0.53,0.53,0.44,0.25,0.19,0.25,0.12,0.28,0.31,0.44,0.41
227,麗山高中,內湖區,121.57668,25.084244,0.55,0.55,0.61,0.61,0.53,0.41,0.38,0.33,0.33,0.41,0.46,0.44,0.46,0.59,0.67,0.74,0.77,0.79
228,捷運萬芳社區站,文山區,121.567474,24.998956,0.37,0.33,0.3,0.3,0.37,0.37,0.27,0.5,0.47,0.4,0.37,0.33,0.3,0.3,0.43,0.57,0.63,0.63
229,市民太原路口,大同區,121.514611,25.049394,0.21,0.18,0.18,0.09,0.38,0.03,0.03,0,0.29,0.47,0.53,0.32,0.44,0.53,0.59,0.38,0.03,0.15
230,湖光國宅,內湖區,121.580811,25.075366,0.6,0.46,0.34,0.34,0.2,0.31,0.26,0.23,0.23,0.31,0.4,0.34,0.26,0.23,0.37,0.49,0.6,0.63
231,內政部營建署,松山區,121.545022,25.047805,0.38,0.38,0.47,0.53,0.6,0.5,0.23,0.12,0.17,0.15,0.07,0.1,0.4,0.57,0.69,0.77,0.33,0.35
232,中山天母路口,士林區,121.529738,25.118843,0.4,0.35,0.35,0.51,0.44,0.37,0.33,0.6,0.47,0.53,0.4,0.23,0.35,0.21,0.14,0.1,0.12,0.12
233,捷運忠義站,北投區,121.474155,25.131411,0.06,0.06,0,0.06,0.08,0,0.08,0.22,0.26,0.28,0.28,0.32,0.3,0.22,0.22,0.22,0.2,0.22
234,永欣綠地,北投區,121.526071,25.124162,0.55,0.58,0.45,0.34,0.22,0.54,0.63,0.65,0.7,0.57,0.51,0.54,0.46,0.41,0.38,0.41,0.35,0.3
235,市民東興路口,松山區,121.565928,25.04846,0.24,0.28,0.2,0,0.57,0.77,0.63,0.77,0.77,0.77,0.57,0.47,0.2,0.6,0.73,0.83,0.7,0.47
236,關渡自然公園,北投區,121.469138,25.119292,0.75,0.75,0.86,0.72,0.67,0.61,0.58,0.64,0.86,0.81,0.75,0.14,0.19,0.25,0.14,0.25,0.42,0.61
237,文山第二行政中心,文山區,121.551418,25.001149,0.59,0.65,0.68,0.55,0.39,0.34,0.37,0.34,0.34,0.32,0.45,0.24,0.16,0.42,0.24,0.84,0.5,0.66
238,瑞湖陽光街口,內湖區,121.575965,25.073119,0.25,0.22,0.5,0.59,0.75,0.38,0.31,0.41,0.44,0.5,0.56,0.53,0.34,0.28,0.47,0.41,0.38,0.47
239,新明路321巷口,內湖區,121.584098,25.056687,0.4,0.36,0.45,0.47,0.45,0.45,0.32,0.32,0.3,0.28,0.23,0.28,0.19,0.23,0.26,0.3,0.34,0.43
240,南京建國路口,中山區,121.536802,25.052141,0.74,0.52,0.48,0.52,0.53,0.64,0.76,0.84,0.72,0.69,0.72,0.72,0.55,0.5,0.48,0.57,0.53,0.5
241,林口公園,信義區,121.579146,25.038943,0.39,0.58,0.32,0.45,0.37,0.26,0.45,0.34,0.34,0.24,0.16,0.29,0.53,0.19,0.13,0.18,0.29,0.42
242,關渡宮,北投區,121.463161,25.117472,0.35,0.07,0.15,0.13,0.21,0.15,0.25,0.6,0.47,0.53,0.3,0.42,0.2,0.6,0.42,0.38,0.55,0.5
243,社子公園,士林區,121.506219,25.090202,0.63,0.7,0.7,0.73,0.73,0.67,0.6,0.53,0.47,0.47,0.43,0.47,0.5,0.1,0.2,0.2,0.4,0.4
244,復興市民路口,中山區,121.543736,25.045908,0.27,0.18,0,0.33,0.42,0.62,0.76,0.78,0.53,0.51,0.2,0.29,0.16,0.24,0.31,0.02,0,0.24
245,捷運中山國中站,中山區,121.544028,25.060632,0.52,0.55,0.52,0.39,0.66,1,0.41,0.27,0.5,0.45,0.11,0.93,0.93,0.48,0.16,0.27,0,0.18
246,國立故宮博物院,士林區,121.548086,25.098743,0.07,0.05,0.15,0.05,0.07,0.1,0.17,0.17,0.2,0.3,0.25,0.2,0.2,0.23,0.23,0.2,0.2,0.15
247,木柵公園,文山區,121.560627,24.987144,0.41,0.32,0.12,0.21,0.24,0.24,0.47,0.44,0.5,0.38,0.32,0.35,0.41,0.15,0.29,0.26,0.26,0.38
248,喬治工商,大安區,121.555566,25.027123,0.47,0.66,0.31,0.62,0.53,0.56,0.72,0.34,0.34,0.25,0.19,0.34,0.38,0.59,0.25,0.44,0.44,0.28
249,中華桂林路口,萬華區,121.506624,25.037706,0.69,0.47,0.47,0.41,0.53,0.53,0.47,0.88,0.5,0.28,0.03,0.72,0.38,0.78,0.31,0.38,0.19,0.09
250,忠孝東路三段217巷口,大安區,121.539873,25.04184,0.46,0.35,0.38,0.32,0.22,0.24,0.14,0.62,0.76,0.76,0.68,0.43,0.3,0.32,0.22,0.22,0.35,0.3
251,華齡公園,士林區,121.520692,25.083023,0.69,0.51,0.09,0.77,0.66,0.43,0.43,0.51,0.56,0.61,0.5,0.33,0.66,0.39,0.08,0.17,0.78,0.53
252,大安運動中心,大安區,121.545608,25.020544,0.38,0.41,0.67,0.91,1,0.27,0.48,0.61,0.68,0.94,0.91,0.38,0.15,0.44,0.18,0,0.18,0.21
253,芝山抽水站,士林區,121.52799,25.101423,0.38,0.26,0.56,0.62,0.56,0.47,0.41,0.18,0.06,0.09,0.06,0.06,0.18,0.26,0.21,0.32,0.35,0.35
254,立功立德路口,北投區,121.471482,25.125377,0.38,0.68,0.71,0.71,0.71,0.59,0.47,0.53,0.59,0.41,0.35,0.18,0.06,0.18,0.03,0.06,0.24,0.26
255,光復南路22巷口,松山區,121.557674,25.046914,0.47,0.3,0.5,0.43,0.13,0,0.3,0.2,0.6,0.73,0.83,0.33,0.33,0.53,0.93,0.5,0.5,0.67
256,中山中正路口,士林區,121.527526,25.096507,0.5,0.42,0.42,0.45,0.38,0.35,0.53,0.53,0.55,0.45,0.42,0.23,0.28,0.35,0.17,0.15,0.17,0.2
257,錦德公園,萬華區,121.492637,25.023316,0.71,0.56,0.41,0.38,0.26,0.21,0.06,0.12,0.24,0.24,0.29,0.18,0.18,0.41,0.56,0.24,0.35,0.47
258,聯合醫院中興院區,大同區,121.507979,25.052096,0.4,0.38,0.28,0.15,0.15,0.2,0.17,0.07,0,0.03,0.03,0.12,0.03,0,0.15,0.31,0.36,0.37
259,南京遼寧街口,中山區,121.542168,25.051761,0.14,0.44,0.36,0,0.5,0.69,0.69,0.81,0.69,0.67,0.47,0.56,0.31,0.8,0.43,0,0.14,0.31
260,民權瑞光路口,內湖區,121.583991,25.068616,0.25,0.25,0.25,0.25,0.19,0.42,0.33,0.39,0.36,0.31,0.33,0.22,0.31,0.22,0.25,0.28,0.31,0.33
261,健康新城,松山區,121.560928,25.054095,0.65,0.62,0.58,0.65,0.58,0.47,0.33,0.23,0.28,0.21,0.05,0.12,0.05,0.09,0.07,0.23,0.58,0.74
262,永安藝文館-表演36房,文山區,121.569064,24.984144,0.7,0.52,0.48,0.41,0.41,0.3,0.3,0.25,0.25,0.21,0.25,0.14,0.21,0.25,0.15,0.37,0.56,0.63
263,至善臨溪路口,士林區,121.542153,25.097103,0.37,0.37,0.24,0.26,0.53,0.47,0.39,0.32,0.39,0.37,0.37,0.32,0.21,0.21,0.18,0.18,0.16,0.18
264,秀山區民活動中心,北投區,121.493009,25.145936,0.43,0.39,0.25,0.25,0.21,0.21,0.11,0.61,0.61,0.57,0.57,0.32,0.32,0.25,0.18,0.18,0.36,0.36
265,中央北路四段30巷口,北投區,121.478,25.135394,0.53,0.53,0.57,0.57,0.57,0.57,0.63,0.63,0.4,0.4,0.4,0.4,0.4,0.33,0.17,0.17,0.27,0.33
266,洲子一號公園,內湖區,121.564806,25.080258,0.29,0.26,0.29,0.35,0.44,0.44,0.5,0.74,0.65,0.53,0.56,0.56,0.29,0.29,0.32,0.26,0.32,0.26
267,八德中坡路口,南港區,121.580194,25.05062,0.74,0.74,0.68,0.66,0.68,0.66,0.55,0.55,0.45,0.47,0.5,0.47,0.53,0.63,0.5,0.47,0.68,0.74
268,南港高工,南港區,121.607055,25.056655,0.57,0.6,0.6,0.57,0.53,0.43,0.43,0.47,0.47,0.3,0.33,0.13,0.3,0.47,0.5,0.57,0.57,0.73
269,三軍總醫院,內湖區,121.590304,25.070723,0.73,0.77,0.73,0.73,0.7,0.73,0.7,0.77,0.67,0.57,0.5,0.5,0.17,0.17,0.53,0.73,0.83,0.83
270,雨農國小,士林區,121.529217,25.105429,0.74,0.53,0.53,0.56,0.53,0.26,0.21,0.06,0.29,0.5,0.44,0.29,0.38,0.38,0.29,0.35,0.65,0.35
271,伊通長安路口,中山區,121.534693,25.048334,0.21,0.25,0.29,0.39,0.54,0.82,0.89,0.71,0.68,0.57,0.57,0.32,0.11,0.18,0.25,0.18,0.14,0.04
272,忠順區民活動中心,文山區,121.563125,24.984707,0.68,0.68,0.68,0.55,0.58,0.68,0.74,0.88,0.88,0.84,0.91,0.12,0.31,0.38,0.16,0.47,0.53,0.69
273,芝山國小,士林區,121.535954,25.110437,0.76,0.71,0.5,0.29,0.74,0.74,0.79,0.68,0.68,0.65,0.62,0.47,0.24,0.26,0.34,0.34,0.61,0.71
274,扶輪親恩公園,內湖區,121.579833,25.066997,0.58,0.52,0.48,0.45,0.42,0.42,0.42,0.39,0.3,0.24,0.3,0.33,0.3,0.36,0.36,0.42,0.39,0.39
275,西本願寺廣場,萬華區,121.507688,25.040988,0.25,0.28,0.32,0.37,0.26,0.28,0.37,0.21,0.58,0.51,0.58,0.51,0.26,0.3,0.39,0.25,0,0.02
276,三興公園,信義區,121.55932,25.028679,0.63,0.42,0.58,0.53,0.24,0.13,0.11,0.16,0.16,0.13,0.26,0.11,0.03,0.05,0.21,0.26,0.55,0.58
277,中山堂,中正區,121.51025,25.044091,0.34,0.31,0.34,0.47,0.5,0.5,0.66,0.59,0.62,0.66,0.53,0.44,0.34,0.12,0.19,0.09,0.06,0.06
278,明美公園,內湖區,121.586065,25.062557,0.56,0.56,0.66,0.66,0.56,0.53,0.56,0.59,0.59,0.72,0.75,0.44,0.31,0.42,0.42,0.42,0.39,0.35
279,南港車站(興華路),南港區,121.606331,25.053432,0.17,0.27,0.23,0.23,0.33,0.5,0.65,0.25,0.29,0.46,0.6,0.62,0.44,0.44,0.19,0.42,0.42,0.08
280,士林新天地,士林區,121.51732,25.089034,0.5,0.39,0.18,0.29,0.11,0.14,0,0,0.46,0.36,0.18,0.18,0.07,0.04,0.22,0.37,0.25,0.46
281,松江公園,中山區,121.532725,25.050245,0.12,0.12,0.03,0.03,0.06,0.19,0.56,0.41,0.47,0.41,0.34,0.25,0.28,0.16,0.31,0.25,0.06,0.25
282,富台公園,信義區,121.571999,25.041935,0.87,0.8,0.47,0.47,0.53,0.57,0.53,0.6,0.67,0.47,0.4,0.37,0.23,0.13,0.03,0.34,0.79,0.97
283,中央北路四段540巷口,北投區,121.4677,25.127959,0.62,0.66,0.66,0.66,0.62,0.53,0.53,0.5,0.44,0.47,0.44,0.5,0.56,0.62,0.38,0.22,0.25,0.25
284,華聲公園,士林區,121.522096,25.096166,0.58,0.65,0.6,0.65,0.63,0.63,0.64,0.57,0.39,0.43,0.43,0.39,0.33,0.26,0.42,0.56,0.42,0.44
285,螢橋國小,中正區,121.51377,25.025966,0.68,0.72,0.62,0.28,0.68,0.7,0.53,0.6,0.65,0.68,0.47,0.35,0.28,0.38,0.5,0.25,0.45,0.55
286,德明財經科技大學,內湖區,121.565713,25.086372,0.76,0.79,0.79,0.7,0.58,0.64,0.67,0.68,0.59,0.56,0.56,0.5,0.41,0.38,0.41,0.59,0.74,0.85
287,第二果菜批發市場,中山區,121.538264,25.067558,0.74,0.91,0.66,0.57,0.43,0.54,0.83,0.77,0.26,0.34,0.34,0.51,0.29,0.34,0.23,0.26,0.91,0.97
288,濟南紹興路口,中正區,121.524591,25.041928,0.64,0.66,0.57,0.61,0.49,0.43,0.21,0.69,0.66,0.69,0.61,0.52,0.43,0.43,0.44,0.41,0.52,0.61
289,牯嶺公園,中正區,121.518835,25.023377,0.58,0.53,0.61,0.89,0.79,0.55,0.37,0.11,0.11,0.13,0.05,0,0.05,0.39,0.61,0.11,0.47,0.58
290,新生公園,中山區,121.530188,25.068387,0.62,0.62,0.81,0.85,0.85,0.54,0.58,0.46,0.46,0.31,0.27,0,0.12,0,0.08,0.08,0.04,0.38
291,捷運松山站(3號出口),松山區,121.577459,25.049616,0.84,1,0.57,0.73,0.61,0.69,0.82,0.67,0.54,0.56,0.62,0.24,0.9,0.38,0.5,0.46,0.04,0.36
292,合心廣場,南港區,121.582848,25.046361,0.53,0.57,0.6,0.68,0.78,0.65,0.57,0.68,0.65,0.4,0.42,0.38,0.65,0.68,0.65,0.5,0.42,0.5
293,自來水園區,中正區,121.530037,25.013284,0.38,0.45,0.35,0.38,0.25,0.38,0.45,0.53,0.8,0.7,0.44,0.88,0.65,0.6,0.38,0.54,0.72,0.56
294,朱崙商場,中山區,121.540431,25.047617,0.28,0.19,0.22,0.25,0.11,0.19,0.19,0.19,0.08,0.31,0.25,0.14,0.19,0.06,0.31,0.22,0.03,0.19
295,敦親公園,大安區,121.541083,25.023473,0.62,0.46,0.88,0.85,0.85,0.5,0.38,0.58,0.31,0.46,0.15,0.27,0.54,0.46,0.38,0.69,0.88,0.92
296,萬和二號公園,文山區,121.536446,25.001545,0.44,0.69,0.53,0.44,0.38,0.59,0.62,0.69,0.72,0.78,0.22,0.16,0.31,0.22,0.28,0.59,0.66,0.78
297,長沙公園,萬華區,121.499922,25.041702,0.31,0.12,0.15,0.15,0.04,0.08,0.15,0.08,0.08,0.12,0.15,0.08,0,0,0.12,0.46,0.69,0.62
298,太原五原路口,大同區,121.516976,25.056458,0.69,0.59,0.56,0.62,0.38,0.38,0.38,0.34,0.12,0.28,0.38,0.25,0.53,0.22,0.38,0.34,0.31,0.41
299,萬華國中,萬華區,121.499358,25.029264,0.56,0.62,0.5,0.47,0.44,0.38,0.34,0.28,0.25,0.16,0.22,0.25,0.25,0.41,0.41,0.38,0.38,0.47
300,信義基隆路口,信義區,121.558731,25.033209,0.21,0.21,0.18,0.39,0.14,0.36,0.32,0.36,0.33,0.15,0.41,0.44,0.33,0.07,0.15,0.22,0,0.11
301,林森長春路口,中山區,121.525383,25.055062,0.43,0.21,0.32,0.5,0.04,0.21,0.21,0.68,0.21,0.04,0.11,0.11,0.25,0.46,0.71,0.25,0.57,0.79
302,敦北公園,松山區,121.550711,25.060746,0.23,0.3,0.28,0.28,0.23,0.23,0.12,0.1,0,0.38,0.45,0.35,0.38,0.38,0.38,0.38,0.38,0.4
303,安泰街83巷,內湖區,121.617085,25.076691,0.63,0.56,0.52,0.44,0.19,0.19,0.19,0.22,0.19,0.04,0.04,0.07,0.07,0.19,0.22,0.48,0.56,0.67
304,金華公園,大安區,121.531235,25.029902,0.6,0.4,0.03,0.1,0.03,0.1,0.23,0.1,0.13,0.45,0.32,0.35,0.42,0.19,0.9,0.52,0.65,0.94
305,碧山公園,內湖區,121.592253,25.087413,0.5,0.43,0.13,0.72,0.37,0.13,0.02,0.28,0.37,0.39,0.46,0.5,0.48,0.5,0.61,0.48,0.72,0.54
306,捷運古亭站(6號出口),大安區,121.52198,25.027781,0.46,0.42,0.5,0.44,0.4,0.48,0.58,0.5,0.75,0.65,0.63,0.48,0.17,0.06,0.35,0.19,0.4,0.5
307,仁愛安和路口,大安區,121.552076,25.03757,0.17,0.41,0.45,0.76,0.69,0.3,0.17,0.23,0.6,0.4,0.33,0.37,0.33,0.2,0.23,0.23,0.27,0.1
308,西松高中,松山區,121.567127,25.055672,0.83,0.7,0.7,0.63,0.53,0.6,0.5,0.43,0.37,0.2,0.23,0.27,0.33,0.62,0.66,0.4,0.5,0.8
309,三軍總醫院(松山分院),松山區,121.556098,25.05447,0.71,0.68,0.58,0.38,0.14,0.38,0.32,0.16,0.26,0.21,0.18,0.11,0.18,0.14,0.38,0.41,0.87,0.55
310,國立臺北大學(臺北校區),中山區,121.542732,25.057923,0.5,0.44,0.84,0.88,0.53,0.59,0.56,0.78,0.62,0.53,0.38,0.31,0.16,0.28,0.12,0.16,0.34,0.38
311,捷運忠孝新生站(2號出口),中正區,121.532229,25.042392,0.59,0.62,0.69,0.7,0.5,0.63,0.73,0.63,0.8,0.77,0.57,0.2,0.3,0.33,0,0.07,0.07,0.03
312,捷運信義安和站(1號出口),大安區,121.552787,25.033323,0.71,0.71,0.56,0.44,0.32,0.32,0.06,0.15,0.5,0.21,0.03,0.18,0.21,0.12,0.09,0.18,0.18,0.06
313,光華商場,中正區,121.532738,25.04515,0.48,0.4,0.21,0.27,0.46,0.48,0.66,0.78,0.69,0.78,0.65,0.44,0.36,0.06,0.14,0.05,0.06,0.1
314,敦化長春路口,松山區,121.54872,25.053614,0.44,0.44,0.71,0.18,0,0.26,0.47,0.26,0.21,0.18,0.12,0.53,0.21,0.5,0.26,0.29,0.15,0.26
315,捷運萬隆站(1號出口),文山區,121.539037,25.001447,0.53,0.5,0.53,0.47,0.53,0.44,0.31,0.19,0.25,0.33,0.25,0.31,0.39,0.19,0.06,0.33,0.22,0.31
316,民有一號公園,松山區,121.54763,25.060911,0.61,0.61,0.73,0.61,0.48,0.27,0.61,0.7,0.79,0.61,0.61,0.58,0.48,0.42,0.58,0.58,0.58,0.55
317,雙園國中,萬華區,121.491675,25.026823,0.73,0.8,0.9,0.83,0.87,0.6,0.5,0.43,0.43,0.5,0.2,0.1,0.03,0.03,0.07,0.23,0.67,0.83
318,成功金龍路口,內湖區,121.59484,25.084135,0.34,0.52,0.24,0.45,0.66,0.5,0.71,0.64,0.45,0.52,0.41,0.48,0.55,0.34,0.48,0.31,0.31,0.1
319,民族林森路口,中山區,121.525322,25.068507,0.13,0.13,0.08,0.32,0.32,0.24,0.21,0.05,0.08,0.11,0,0.03,0.14,0.05,0,0.08,0.24,0.46
320,捷運南京三民站(3號出口),松山區,121.564262,25.051287,0.43,0.43,0.46,0.32,0.19,0.15,0.32,0.5,0.64,0.39,0.21,0.21,0,0.43,0.46,0.32,0.36,0
321,莒光大埔街口,中正區,121.505085,25.031334,0.35,0.26,0.32,0.26,0.32,0.29,0.26,0.32,0.26,0.23,0.26,0.42,0.52,0.68,0.58,0.71,1,0.65
322,永盛公園(民生東路一段23巷),中山區,121.52504,25.058835,0.63,0.63,0.73,0.63,0.6,0.47,0.53,0.63,0.8,0.83,0.73,0.53,0.83,0.93,0.53,0.27,0.33,0.57
323,新興公園,中山區,121.524392,25.061568,0.19,0.15,0.15,0.08,0.04,0.04,0.31,0.31,0.15,0.12,0.04,0.15,0.12,0.35,0.46,0.62,0.88,0.38
324,市立圖書館葫蘆堵分館,士林區,121.5108,25.08221,0.35,0.22,0.25,0.29,0.38,0.42,0.71,0.67,0.71,0.79,0.79,0.08,0.29,0.5,0.29,0.29,0.71,0.54
325,南京東路六段368巷,內湖區,121.58707,25.05827,0.28,0.3,0.3,0.33,0.35,0.38,0.38,0.33,0.33,0.33,0.23,0.17,0.15,0.12,0.15,0.15,0.17,0.17
326,基隆路一段101巷口,信義區,121.56709,25.04525,0.43,0.4,0.17,0.03,0,0.4,0.6,0.73,0.63,0.53,0.5,0.2,0.23,0.23,0.23,0.47,0.76,0.8
327,重慶南海路口,中正區,121.51464,25.03158,0.46,0.38,0.38,0.46,0.46,0.5,0.62,0.71,0.67,0.62,0.58,0.67,0.33,0.38,0.29,0.08,0.25,0.29
328,一江公園,中山區,121.53146,25.05316,0.28,0.22,0,0.28,0.5,0.39,0.44,0.31,0.31,0.36,0.33,0.25,0.25,0.19,0.19,0.42,0.56,0.47
329,樂群二明水路口,中山區,121.55236,25.07983,0.35,0.35,0.53,0.7,0.67,0.73,0.76,0.67,0.65,0.59,0.53,0.35,0.24,0.21,0.06,0.21,0.21,0.21
330,迪化休閒運動公園,大同區,121.5115,25.07491,0.43,0.39,0.46,0.54,0.46,0.43,0.32,0.25,0.43,0.5,0.46,0.32,0.36,0.36,0.39,0.43,0.68,0.71
331,民族玉門街口,中山區,121.51974,25.06859,0.32,0.35,0.44,0.62,0.71,0.76,0.85,0.62,0.88,0.41,0.32,0.12,0.53,0.5,0.65,0.5,0.41,0.38
332,捷運中山站(2號出口),中山區,121.52193,25.05225,0.44,0.59,0.56,0.44,0.47,0.53,0.32,0.41,0.52,0.82,0.52,0.55,0.3,0.42,0.15,0.27,0.06,0.06
333,復盛公園,松山區,121.561182,25.047428,0.67,0.56,0.56,0.48,0.52,0.48,0.36,0.21,0.54,0.43,0.25,0.61,0.71,0.64,0.64,0.64,0.46,0.5
334,敦化南路二段103巷口,大安區,121.549024,25.028973,0.33,0.17,0.46,0.67,0.67,0.57,0.58,0.96,0.5,0.08,0.12,0.12,0.17,0.42,0.67,0.92,0.71,0.79
335,景文中學,文山區,121.567855,24.986301,0.43,0.47,0.5,0.53,0.5,0.43,0.47,0.37,0.47,0.4,0.47,0.43,0.23,0.2,0.4,0.47,0.37,0.33
336,承德路三段8巷口,大同區,121.51815,25.06382,0.18,0.36,0.41,0.23,0.18,0.18,0.55,0.68,0.41,0.36,0.41,0.27,0.27,0.32,0.23,0.32,0.32,0.32
337,彩虹橋,內湖區,121.57592,25.05301,0.5,0.47,0.43,0.43,0.47,0.43,0.4,0.33,0.37,0.37,0.3,0.23,0.3,0.43,0.3,0.43,0.2,0.27
338,成德國中,南港區,121.58794,25.04573,0.59,0.41,0.61,0.48,0.45,0.32,0.16,0.47,0.38,0.31,0.31,0.16,0.34,0.31,0.44,0.41,0.22,0.41
339,重慶國中,大同區,121.51816,25.07581,0.59,0.56,0.62,0.56,0.65,0.71,0.65,0.62,0.56,0.53,0.5,0.47,0.47,0.47,0.47,0.56,0.68,0.68
340,南京光復路口,松山區,121.55716,25.05143,0.5,0.5,0.68,0.77,0.77,0.55,0.59,0.82,0.5,0.68,0.45,0,0.18,0.59,0.55,0.73,0.64,0.68
341,捷運芝山站(1號出口),士林區,121.52243,25.10094,0.16,0.11,0.47,0.47,0.47,0.53,0.53,0.47,0.53,0.5,0.47,0.55,0.61,0.45,0.45,0.39,0.39,0.11
342,文林建民路口,北投區,121.51468,25.10779,0.83,0.83,0.86,0.72,0.79,0.69,0.55,0.38,0.31,0.4,0.3,0.3,0.33,0.37,0.43,0.43,0.33,0.4
343,忠孝東路六段185巷口,南港區,121.58755,25.04904,0.41,0.38,0.31,0.17,0.66,0.66,0.72,0.59,0.45,0.55,0.53,0.2,0.3,0.3,0.3,0.47,0.5,0.77
344,捷運忠孝復興站(5號出口),大安區,121.54401,25.04264,0.31,0.31,0.31,0.29,0.21,0.52,0.55,0.5,0.52,0.43,0.26,0.5,0.38,0.71,0.55,0.52,0.05,0.05
345,中正運動中心,中正區,121.51943,25.03806,0.5,0.64,0.71,0.36,0.61,0.64,0.21,0.39,0.39,0.21,0.36,0.32,0.86,0.61,0.67,0.61,0.36,0.36
346,陽明高中,士林區,121.51669,25.09157,0.44,0.61,0.67,0.64,0.58,0.33,0.31,0.28,0.31,0.28,0.31,0.36,0.39,0.36,0.14,0.17,0.19,0.19
347,博愛寶慶路口,中正區,121.51135,25.04134,0.15,0.19,0.46,0.58,0.54,0.46,0.5,0.42,0.38,0.42,0.23,0.12,0.08,0.04,0.23,0,0,0
348,民生立體停車場,松山區,121.55945,25.05794,0.62,0.54,0.25,0.21,0.38,0.29,0.42,0.38,0.21,0.33,0.38,0.04,0.21,0.25,0.42,0.54,0.83,0.42
349,重慶酒泉街口,大同區,121.51364,25.07183,0.64,0.46,0.64,0.54,0.54,0.39,0.32,0.36,0.18,0.29,0.32,0.5,0.25,0.39,0.39,0.25,0.14,0.29
350,復興南路二段128巷口,大安區,121.54336,25.02904,0.29,0.69,0.62,0.62,0.65,0.44,0.34,0.4,0.23,0.43,0.34,0.06,0.06,0.26,0.31,0.6,0.77,0.57
351,中山青島路口,中正區,121.51954,25.04469,0.62,0.7,0.84,0.65,0.76,0.66,0.63,0.79,0.84,0.82,0.92,0.63,0.63,0.71,0.45,0.45,0.24,0.24
352,民權迪化街口,大同區,121.50944,25.06318,0.19,0.17,0.14,0.08,0.06,0.03,0.11,0.2,0.26,0.29,0.29,0.06,0.23,0.06,0,0.2,0.23,0.29
353,紀州庵,中正區,121.52049,25.02088,0.67,0.93,0.73,0.77,0.57,0.5,0.47,0.27,0.33,0.5,0.47,0.2,0.3,0.47,0.23,0.23,0.27,0.33
354,建國濟南路口,大安區,121.538084,25.040033,0.5,0.39,0.54,0.64,0.75,0.21,0.36,0.5,0.61,0.61,0.61,0.46,0.32,0.11,0.32,0.14,0.29,0.32
355,福山公園,南港區,121.61759,25.04478,0.41,0.41,0.29,0.26,0.38,0.35,0.41,0.5,0.47,0.41,0.47,0.41,0.5,0.29,0.41,0.35,0.59,0.47
356,臺北市網球中心,內湖區,121.59749,25.0674,0.48,0.35,0.39,0.39,0.42,0.32,0.26,0.3,0.17,0.13,0.13,0.06,0.5,0.38,0.44,0.41,0.41,0.47
357,松友公園,信義區,121.57636,25.03423,0.5,0.35,0.42,0.62,0.5,0.46,0.5,0.35,0.19,0.08,0,0.19,0.15,0.23,0.38,0.27,0.58,0.62
358,新明成功路口,內湖區,121.5911,25.06058,0.41,0.38,0.31,0.28,0.28,0.28,0.24,0.43,0.39,0.34,0.31,0.2,0.17,0.17,0.14,0.14,0.31,0.28
359,健安新城,松山區,121.56358,25.05601,0.74,0.76,0.29,0.03,0.35,0.15,0.29,0.24,0.21,0.12,0.09,0.15,0.03,0.38,0.18,0.26,0.5,0.65
360,民權建國路口,中山區,121.53754,25.06252,0.65,0.67,0.6,0.7,0.77,0.56,0.7,0.58,0.58,0.56,0.58,0.53,0.72,0.65,0.33,0.35,0.56,0.63
361,振興醫院,北投區,121.5222,25.1177,0.44,0.75,0.72,0.62,0.56,0.34,0.44,0.34,0.56,0.59,0.44,0.09,0.12,0.19,0.44,0.41,0.34,0.44
362,和平金山路口,大安區,121.52533,25.02672,0.38,0.31,0.14,0.28,0.31,0.29,0.52,0.55,0.69,0.55,0.66,0.14,0.28,0.24,0.31,0.28,0.1,0.1
363,復興南路一段340巷口,大安區,121.5435,25.03617,0.66,0.81,0.66,0.62,0.66,0.66,0.53,0.53,0.56,0.66,0.62,0.44,0.44,0.44,0.19,0.47,0.16,0.12
364,嘉興公園,大安區,121.55219,25.02109,0.42,0.37,0.71,0.68,0.47,1,0.79,0.66,0.66,0.5,0.5,0.55,0.05,0.05,0.21,0.58,0.66,0.37
365,陽明大學,北投區,121.51223,25.11912,0.76,0.72,0.39,0.59,0.51,0.39,0.45,0.33,0.26,0.26,0.26,0.16,0.16,0.28,0.26,0.36,0.38,0.54
366,碧湖公園,內湖區,121.58287,25.07988,0.48,0.48,0.45,0.43,0.4,0.4,0.33,0.29,0.31,0.33,0.33,0.33,0.29,0.5,0.57,0.29,0.31,0.31
367,豐年公園,北投區,121.497019,25.13597,0.38,0.24,0.24,0.14,0.07,0.14,0.17,0.31,0.21,0.1,0,0.31,0.54,0.52,0.57,0.67,0.63,0.63
368,臺灣戲曲中心,士林區,121.51979,25.10208,0.45,0.45,0.45,0.45,0.45,0.48,0.45,0.48,0.48,0.43,0.43,0.34,0.36,0.39,0.39,0.39,0.41,0.41
369,世新大學,文山區,121.54361,24.98862,0.09,0.03,0.53,0.56,0.59,0.5,0.5,0.42,0.39,0.42,0.33,0.24,0.09,0.09,0.12,0.36,0.61,0.58
370,新和國小,萬華區,121.50242,25.02656,0.64,0.54,0.39,0.32,0.32,0.29,0.29,0.07,0.07,0.18,0.14,0.14,0,0.25,0.18,0.39,0.86,0.93
371,南門國中,中正區,121.50834,25.03532,0.29,0.29,0.34,0.32,0.24,0.11,0.16,0.24,0.29,0.34,0.29,0.29,0.11,0.03,0.11,0.21,0.18,0.13
372,重慶民族路口,大同區,121.51359,25.06825,0.44,0.4,0.42,0.33,0.4,0.4,0.56,0.65,0.42,0.42,0.15,0.12,0.19,0.42,0.42,0.27,0.58,0.76
373,中崙福成宮,松山區,121.546635,25.04525,0.29,0.39,0.26,0.26,0.35,0.52,0.59,0.72,0.75,0.72,0.59,0.53,0.56,0.78,0.84,0.69,0.66,0.69
374,麗湖國小,內湖區,121.602225,25.073322,0.12,0.12,0.21,0.18,0.15,0.15,0.12,0.12,0.09,0.09,0.03,0.09,0.18,0.21,0.29,0.29,0.29,0.29
375,銘傳大學,士林區,121.526766,25.087714,0.22,0.2,0.24,0.26,0.24,0.24,0.24,0.17,0.24,0.33,0.28,0.48,0.68,0.81,0.6,0.57,0.49,0.34
376,民生建國路口,中山區,121.536915,25.057778,0.14,0.14,0.25,0.17,0.19,0.22,0.11,0.14,0.14,0.17,0.19,0.03,0.08,0.11,0.06,0.11,0.11,0.17
377,南港路二段178巷口,南港區,121.599693,25.053675,0.27,0.27,0.23,0.17,0.17,0.17,0.03,0.07,0.07,0.07,0.07,0.37,0.33,0.3,0.37,0.4,0.47,0.37
378,陽光街321巷口,內湖區,121.578691,25.073193,0.17,0.2,0.23,0.33,0.43,0.59,0.54,0.62,0.66,0.69,0.62,0.38,0.46,0.46,0.46,0.43,0.54,0.54
379,春光公園,信義區,121.580762,25.042619,0.58,0.55,0.58,0.61,0.62,0.65,0.63,0.68,0.66,0.58,0.5,0.42,0.58,0.63,0.3,0.47,0.71,0.76
380,塔悠疏散門,松山區,121.567899,25.064713,0.3,0.3,0.27,0.27,0.33,0.27,0.23,0.3,0.37,0.33,0.37,0.43,0.3,0.33,0.37,0.47,0.57,0.6
381,民權東路六段15巷,內湖區,121.578125,25.06853,0.23,0.23,0.23,0.2,0.3,0.33,0.33,0.3,0.34,0.48,0.48,0.45,0.55,0.55,0.52,0.48,0.52,0.48
382,聯合醫院和平院區,中正區,121.50639,25.03516,0.6,0.57,0.81,0.88,0.88,0.83,0.67,0.64,0.6,0.6,0.52,0.29,0.33,0.33,0.36,0.43,0.48,0.36
383,一壽橋,文山區,121.55545,24.97848,0.58,0.54,0.42,0.38,0.5,0.62,0.69,0.62,0.65,0.62,0.65,0.73,0.27,0.19,0.12,0.15,0.27,0.42
384,松基公園,松山區,121.5448,25.05491,0.67,0.7,0.6,0.6,0.57,0.53,0.4,0.5,0.3,0.37,0.2,0.1,0.23,0.1,0.1,0.37,0.43,0.4
385,和興路26巷口,文山區,121.54531,24.9856,0.44,0.41,0.46,0.46,0.31,0.31,0.28,0.3,0.33,0.35,0.35,0.33,0.17,0.18,0.38,0.38,0.59,0.62
386,錦州吉林路口,中山區,121.52981,25.06029,0.67,0.67,0.77,0.67,0.6,0.67,0.47,0.57,0.63,0.43,0.33,0.23,0.33,0.3,0.37,0.53,0.7,0.53
387,吳興街260巷,信義區,121.56316,25.0261,0.28,0.58,0.29,0.55,0.23,0.29,0.1,0.1,0.23,0.42,0.42,0.4,0.3,0.43,0.86,0.45,0.67,0.23
388,景華街128巷口,文山區,121.547092,24.995563,0.54,0.29,0.62,0.54,0.58,0.42,0.17,0.08,0.04,0.5,0.46,0.21,0.25,0.67,0.25,0.5,0.46,0.54
389,福德國小,信義區,121.586245,25.038324,0.63,0.77,0.7,0.57,0.27,0.53,0.17,0.13,0.27,0.1,0,0.2,0.27,0.1,0.23,0.37,0.77,0.3
390,稻香重三路口,北投區,121.489594,25.139937,0.62,0.65,0.65,0.68,0.62,0.53,0.38,0.26,0.24,0.18,0.18,0.21,0.29,0.32,0.41,0.53,0.41,0.44
391,景仁公園,文山區,121.540295,24.9966,0.57,0.53,0.5,0.63,0.55,0.43,0.53,0.4,0.4,0.4,0.37,0.33,0.43,0.2,0.1,0.2,0.53,0.57
392,南京東興路口,松山區,121.565347,25.051489,0.37,0.13,0.47,0.23,0.27,0.23,0.2,0.43,0.4,0.07,0.03,0.07,0.1,0.17,0.13,0.27,0,0.33
393,內溝溪生態展示館,內湖區,121.623062,25.087217,0.42,0.46,0.42,0.42,0.29,0.29,0.29,0.29,0.29,0.29,0.29,0.33,0.33,0.33,0.33,0.29,0.29,0.29
394,松德虎林街口,信義區,121.576248,25.038352,0.59,0.59,0.44,0.22,0.47,0.59,0.5,0.56,0.38,0.41,0.47,0.53,0.38,0.34,0.59,0.62,0.09,0.41
395,安強公園,信義區,121.575413,25.036844,0.36,0.86,0.79,0.43,0.25,0.11,0.04,0.33,0.61,0.61,0.61,0.46,0.43,0,0.07,0.46,0.32,0.46
396,新東街51巷口,松山區,121.563318,25.061501,0.59,0.63,0.26,0.41,0.33,0.37,0.52,0.41,0.37,0.48,0.38,0.42,0.46,0.37,0.33,0.41,0.7,0.78
397,劍潭海外青年活動中心,士林區,121.5237,25.079603,0.47,0.49,0.67,0.64,0.5,0.64,0.86,0.86,0.81,0.72,0.67,0.64,0.67,0.67,0.75,0.89,0.53,0.53
398,聯合醫院陽明院區,士林區,121.531949,25.104546,0.17,0.24,0.34,0.31,0.45,0.38,0.31,0.41,0.21,0.24,0.24,0.28,0.23,0.23,0.13,0.4,0.57,0.57
399,和平龍泉街口,大安區,121.52946,25.026404,0,0,0,0,0,0,0,0,0,0,0,0,0,0,0,0,0,0
400,和平敦化路口,大安區,121.549076,25.02444,0.24,0.26,0.29,0.35,0.38,0.35,0.32,0.18,0.15,0.12,0.03,0.06,0.32,0.29,0.29,0.35,0.41,0.35
401,南京新生路口,中山區,121.527661,25.051944,0.68,0.47,0.53,0.53,0.47,0.35,0.26,0.18,0.29,0.24,0.15,0.06,0.03,0.06,0.09,0.26,0.74,0.74
402,下灣公園,內湖區,121.595611,25.065159,0.11,0.11,0.04,0.04,0.07,0.11,0.04,0.29,0.29,0.25,0.25,0.25,0.21,0.18,0.14,0.21,0.36,0.36
403,捷運內湖站(1號出口),內湖區,121.593929,25.083868,0.22,0.37,0.19,0.31,0.44,0.56,0.67,0.52,0.44,0.19,0.15,0.48,0.74,0.67,0.33,0.48,0.26,0.52
404,民族延平路口,大同區,121.510569,25.068653,0.93,0.97,0.47,0.47,0.53,0.4,0.37,0.33,0.37,0.5,0.23,0.13,0.2,0.33,0.23,0.57,0.7,0.8
