sno,sna,sarea,lng,lat,2018/8/1-7,2018/8/1-8  ,2018/8/1-9  ,2018/8/1-10  ,2018/8/1-11,2018/8/1-12,2018/8/1-13,2018/8/1-14,2018/8/1-15,2018/8/1-16,2018/8/1-17,2018/8/1-18,2018/8/1-19,2018/8/1-20,2018/8/1-21,2018/8/1-22,2018/8/1-23,2018/8/1-24,2018/8/2-7,2018/8/2-8,2018/8/2-9,2018/8/2-10,2018/8/2-11,2018/8/2-12,2018/8/2-13,2018/8/2-14,2018/8/2-15,2018/8/2-16,2018/8/2-17,2018/8/2-18,2018/8/2-19,2018/8/2-20,2018/8/2-21,2018/8/2-22,2018/8/2-23,2018/8/2-24,2018/8/3-7,2018/8/3-8,2018/8/3-9,2018/8/3-10,2018/8/3-11,2018/8/3-12,2018/8/3-13,2018/8/3-14,2018/8/3-15,2018/8/3-16,2018/8/3-17,2018/8/3-18,2018/8/3-19,2018/8/3-20,2018/8/3-21,2018/8/3-22,2018/8/3-23,2018/8/3-24,2018/8/4-7,2018/8/4-8,2018/8/4-9,2018/8/4-10,2018/8/4-11,2018/8/4-12,,,,,,,,,,,,,,,,,,,,,,,
1,捷運市政府站(3號出口),信義區,121.5679044,25.04085789,107,56,68,83,103,112,124,121,132,143,125,121,139,148,132,49,22,2,95,93,93,91,90,104,113,114,115,119,108,156,159,154,145,76,64,35,80,63,61,64,72,78,77,76,90,98,101,108,91,101,130,99,52,35,84,88,117,132,119,167,,,,,,,,,,,,,,,,,,,,,,,
2,捷運國父紀念館站(2號出口),大安區,121.55742,25.041254,40,42,27,28,30,27,25,20,26,14,20,16,26,17,7,2,2,25,21,4,5,10,20,29,35,23,10,10,15,16,24,16,5,1,0,14,24,23,9,12,22,14,29,27,30,29,31,30,43,27,18,1,12,0,13,18,28,20,24,14,,,,,,,,,,,,,,,,,,,,,,,
3,台北市政府,信義區,121.5651694,25.03779722,18,16,27,19,23,7,13,22,27,30,28,29,32,30,28,7,0,8,12,40,40,28,27,18,19,32,10,27,26,23,21,27,23,8,0,12,11,29,29,18,13,3,13,28,32,27,29,31,16,29,19,29,12,17,19,21,23,32,14,20,,,,,,,,,,,,,,,,,,,,,,,
4,市民廣場,信義區,121.562325,25.03603611,17,19,36,34,34,32,30,30,30,45,45,36,24,16,14,14,12,10,19,30,32,40,49,48,39,41,42,44,34,27,25,14,17,17,7,14,19,23,33,41,25,44,39,42,41,43,43,42,38,31,29,27,16,9,8,9,13,20,30,47,,,,,,,,,,,,,,,,,,,,,,,
5,興雅國中,信義區,121.5686639,25.03656389,21,16,26,16,31,19,8,23,24,21,25,14,24,33,15,16,0,7,21,33,34,21,21,24,14,28,11,12,27,6,30,27,16,8,7,14,23,52,32,9,23,25,9,18,25,17,14,18,36,35,30,42,39,41,13,21,27,41,31,36,,,,,,,,,,,,,,,,,,,,,,,
6,臺北南山廣場,信義區,121.565973,25.034047,34,42,56,69,71,69,75,60,63,71,60,57,50,27,18,5,1,1,16,39,41,60,65,66,65,69,70,75,69,50,33,29,5,3,3,1,4,8,38,51,53,54,53,59,61,57,53,58,50,52,38,18,5,2,5,8,12,31,34,42,,,,,,,,,,,,,,,,,,,,,,,
7,信義廣場(台北101),信義區,121.5656194,25.03303889,39,19,40,24,53,53,50,58,44,36,33,53,10,42,32,20,0,1,20,18,21,48,9,15,0,24,38,35,51,2,27,16,19,0,0,0,26,13,37,33,25,25,12,26,56,43,40,47,30,46,38,3,1,0,31,32,30,21,24,28,,,,,,,,,,,,,,,,,,,,,,,
8,世貿三館,信義區,121.5636889,25.03521389,16,22,27,33,29,29,32,39,38,33,31,27,27,24,32,22,19,10,12,24,25,32,39,49,49,51,55,53,49,31,32,32,24,15,10,4,7,13,11,20,19,30,30,36,30,29,26,24,19,14,9,3,0,7,22,27,18,37,40,49,,,,,,,,,,,,,,,,,,,,,,,
9,松德站,信義區,121.57448,25.031785,23,21,30,25,22,21,19,21,16,14,21,7,2,2,4,14,19,23,23,25,29,25,29,23,22,26,16,17,4,6,10,14,13,26,28,29,35,28,28,21,27,25,29,20,18,15,18,13,11,8,11,19,9,16,19,25,21,11,4,6,,,,,,,,,,,,,,,,,,,,,,,
10,台北市災害應變中心,信義區,121.5661167,25.02866111,36,30,23,26,29,27,13,15,18,18,29,12,23,20,18,22,30,25,35,29,31,24,35,30,32,22,29,30,18,20,30,19,28,4,18,22,18,38,22,39,14,22,27,14,20,21,13,13,10,11,19,20,35,31,28,28,31,19,20,9,,,,,,,,,,,,,,,,,,,,,,,
11,三張犁,信義區,121.55762,25.034937,47,15,2,2,3,5,8,2,11,17,15,15,27,36,28,38,49,53,56,15,14,5,1,1,9,7,9,7,3,18,18,32,21,39,52,58,59,8,20,17,16,10,9,9,12,10,12,15,7,18,7,26,42,48,40,36,13,10,6,15,,,,,,,,,,,,,,,,,,,,,,,
12,臺北醫學大學,信義區,121.561747,25.026679,5,21,25,21,19,15,11,7,16,15,0,3,32,28,38,39,21,33,14,17,20,17,15,13,11,23,30,38,7,33,35,44,30,26,34,41,22,34,23,24,28,39,39,36,38,34,23,13,7,8,15,12,24,27,9,14,42,29,33,28,,,,,,,,,,,,,,,,,,,,,,,
13,福德公園,信義區,121.58367,25.03809,35,26,9,20,24,24,23,19,15,14,15,19,38,18,25,20,40,46,22,37,34,25,13,6,14,17,12,11,14,18,28,39,5,24,45,20,27,15,20,38,36,34,31,26,20,22,25,25,25,30,12,21,40,28,32,23,30,30,35,31,,,,,,,,,,,,,,,,,,,,,,,
14,榮星花園,中山區,121.54037,25.06424,12,25,18,9,1,3,4,2,0,0,5,5,2,7,14,19,29,21,20,14,11,0,5,10,4,1,2,1,3,30,13,14,20,25,20,5,23,22,16,14,10,5,9,9,9,6,12,6,19,8,2,4,13,27,27,18,21,21,17,9,,,,,,,,,,,,,,,,,,,,,,,
15,饒河夜市,松山區,121.571885,25.049845,42,33,26,20,12,8,7,5,23,27,27,18,13,28,36,50,54,45,36,27,26,30,20,17,18,17,23,26,20,26,34,36,44,51,46,54,39,23,26,23,17,15,16,18,21,20,16,15,18,30,28,32,43,46,40,39,44,42,43,36,,,,,,,,,,,,,,,,,,,,,,,
16,松山家商,信義區,121.579135,25.036084,26,31,28,28,19,14,7,3,12,0,6,5,6,22,22,30,39,33,17,17,16,14,11,7,8,21,18,10,1,15,21,20,29,12,26,30,24,21,18,19,11,10,4,6,10,4,3,5,2,9,12,20,29,34,20,23,24,28,26,23,,,,,,,,,,,,,,,,,,,,,,,
17,民生光復路口,松山區,121.55514,25.05862,2,9,27,18,20,13,4,14,18,12,3,8,1,3,0,1,2,4,9,12,17,17,17,7,5,10,15,15,18,9,1,2,11,12,10,11,5,13,8,13,12,9,8,17,13,14,28,20,11,30,17,16,19,27,19,17,21,29,28,24,,,,,,,,,,,,,,,,,,,,,,,
18,臺北市藝文推廣處,松山區,121.552278,25.048268,17,18,10,17,10,12,6,3,2,3,7,14,24,21,24,10,3,8,9,1,1,4,3,8,21,12,3,5,8,25,25,28,11,3,5,8,17,15,15,17,17,18,17,13,14,12,8,9,7,10,5,3,11,15,19,23,24,35,17,21,,,,,,,,,,,,,,,,,,,,,,,
19,象山公園,信義區,121.56981,25.02863,23,4,18,18,26,16,10,19,22,29,25,3,6,6,0,9,1,9,5,29,15,10,21,11,13,2,13,15,18,1,3,2,5,5,4,6,12,19,16,17,17,12,2,14,16,17,11,19,11,2,9,12,15,3,13,19,16,23,26,23,,,,,,,,,,,,,,,,,,,,,,,
20,捷運科技大樓站,大安區,121.543293,25.025896,52,50,4,6,0,22,18,3,27,24,24,1,0,12,4,2,17,42,33,9,10,0,13,34,29,24,19,6,5,5,3,2,5,3,0,22,49,45,17,0,26,31,34,35,53,57,28,40,35,34,33,47,47,45,55,62,57,50,60,69,,,,,,,,,,,,,,,,,,,,,,,
21,民生敦化路口,松山區,121.548982,25.057985,11,30,37,44,57,48,50,47,36,48,48,37,37,8,0,0,0,0,12,25,28,46,31,31,28,33,28,36,20,4,37,16,2,1,0,7,11,4,32,44,10,31,26,29,34,40,40,56,54,35,34,27,17,12,8,4,15,24,24,28,,,,,,,,,,,,,,,,,,,,,,,
22,松山車站,信義區,121.57845,25.048824,27,25,22,26,28,25,28,29,14,7,13,1,26,23,44,25,7,0,33,7,8,11,29,20,30,27,21,23,19,30,30,33,34,21,1,11,22,4,5,4,17,22,27,16,15,11,9,15,8,30,42,19,1,3,19,28,25,39,28,38,,,,,,,,,,,,,,,,,,,,,,,
23,東新國小,南港區,121.602798,25.055074,17,22,17,11,11,8,6,4,3,3,3,1,10,15,5,8,16,22,20,20,20,13,11,11,12,15,7,8,5,11,12,19,9,13,27,19,20,26,15,13,8,8,3,2,6,7,8,14,5,5,10,15,24,31,18,15,13,5,15,1,,,,,,,,,,,,,,,,,,,,,,,
24,信義建國路口,大安區,121.53747,25.03293,15,8,1,0,5,21,9,19,13,12,2,2,0,6,15,1,2,3,14,6,3,1,17,17,2,13,9,2,7,17,28,25,28,43,30,34,22,7,2,7,15,18,13,8,29,41,26,21,12,4,18,26,26,28,26,22,6,4,27,15,,,,,,,,,,,,,,,,,,,,,,,
25,永吉松信路口,信義區,121.57205,25.04543,23,13,21,15,22,25,19,20,19,21,9,1,11,16,12,23,29,14,23,14,12,13,9,4,7,4,13,6,11,10,16,20,9,11,24,16,26,17,2,19,12,17,12,6,10,10,11,6,4,14,6,21,17,13,11,20,16,23,10,11,,,,,,,,,,,,,,,,,,,,,,,
26,捷運昆陽站(1號出口),南港區,121.592375,25.050142,16,25,18,10,12,13,15,26,15,27,19,10,20,13,11,6,3,1,8,15,15,20,16,25,33,26,24,25,27,31,24,23,6,8,9,8,5,22,25,16,15,16,18,20,18,16,36,33,27,9,11,8,11,11,24,22,21,21,25,29,,,,,,,,,,,,,,,,,,,,,,,
27,捷運南港展覽館站(5號出口),南港區,121.61669,25.05469,3,22,1,4,10,22,15,25,27,30,16,15,32,33,32,9,11,7,6,22,21,9,16,14,18,15,27,24,35,19,13,10,19,0,4,7,2,23,13,4,15,19,26,34,28,25,21,25,16,22,12,17,10,1,2,5,11,30,12,18,,,,,,,,,,,,,,,,,,,,,,,
28,五常公園,信義區,121.57467,25.04814,9,23,9,27,22,22,27,15,16,14,17,13,9,15,20,11,18,17,18,28,27,25,26,20,15,12,20,19,18,10,18,15,4,15,28,17,15,6,15,13,9,3,6,3,7,4,5,8,9,9,12,5,13,13,14,23,20,19,19,14,,,,,,,,,,,,,,,,,,,,,,,
29,金山愛國路口,大安區,121.52655,25.03164,13,32,52,37,35,31,29,26,39,38,33,15,8,13,22,20,9,6,10,41,43,48,49,43,39,51,46,46,32,1,2,6,5,2,8,8,13,34,43,47,47,38,27,27,26,31,31,32,25,20,16,9,0,10,18,10,8,13,18,21,,,,,,,,,,,,,,,,,,,,,,,
30,基隆長興路口,大安區,121.544352,25.017054,50,42,38,17,16,23,21,28,27,30,11,0,0,12,36,63,36,38,47,48,42,30,17,25,13,24,52,64,66,2,0,16,31,60,48,55,62,59,66,45,43,38,20,62,63,63,57,53,30,12,2,29,60,64,58,60,47,51,54,51,,,,,,,,,,,,,,,,,,,,,,,
31,辛亥新生路口,大安區,121.53456,25.022413,7,1,7,1,17,24,17,13,11,6,18,25,10,21,23,13,19,8,5,4,0,0,1,0,8,8,9,5,4,0,17,16,13,7,4,2,9,5,3,3,2,4,16,24,14,17,26,25,25,19,28,25,20,19,17,19,9,30,11,11,,,,,,,,,,,,,,,,,,,,,,,
32,捷運六張犁站,大安區,121.553161,25.023884,17,26,0,7,0,9,10,19,10,12,3,5,17,3,0,5,10,14,23,0,1,0,19,16,12,12,5,7,7,11,0,0,15,14,33,14,25,31,0,23,19,5,0,12,21,22,21,19,14,7,10,15,9,11,17,19,22,30,27,20,,,,,,,,,,,,,,,,,,,,,,,
33,中崙高中,松山區,121.56087,25.04878,17,23,38,32,34,30,31,36,39,32,15,14,10,14,5,0,3,3,14,24,25,27,32,31,34,35,36,29,26,13,18,11,17,8,14,19,9,7,17,23,27,27,25,20,26,36,31,28,24,26,21,7,17,11,13,11,4,9,11,13,,,,,,,,,,,,,,,,,,,,,,,
34,捷運行天宮站(1號出口),中山區,121.532934,25.058369,24,12,5,17,16,16,4,28,24,21,9,17,5,9,16,11,16,22,21,4,14,12,16,14,12,7,4,0,14,2,1,22,23,20,17,20,26,24,17,17,14,13,7,7,7,9,17,14,14,2,11,4,11,9,12,17,12,8,4,18,,,,,,,,,,,,,,,,,,,,,,,
35,捷運行天宮站(3號出口),中山區,121.533302,25.059978,21,25,17,17,3,11,10,26,18,21,7,7,23,27,26,22,26,19,22,22,22,3,1,7,7,4,18,11,12,8,11,21,11,15,12,11,9,4,3,2,17,16,5,7,3,3,6,2,1,6,4,29,8,3,19,14,4,21,14,15,,,,,,,,,,,,,,,,,,,,,,,
36,臺大資訊大樓,大安區,121.54153,25.02101,15,16,38,14,22,41,27,50,50,61,28,46,24,38,32,0,2,4,11,55,47,50,19,24,3,38,42,69,0,72,72,53,24,30,1,1,14,8,53,17,8,10,10,40,52,59,46,43,38,18,52,66,58,53,11,14,33,19,22,11,,,,,,,,,,,,,,,,,,,,,,,
37,捷運東門站(4號出口),大安區,121.528988,25.0337,23,17,9,11,8,3,1,1,2,9,9,9,22,37,23,14,23,17,33,11,11,3,12,8,13,5,5,12,2,31,38,46,34,36,26,33,35,11,21,23,18,13,5,0,8,16,23,35,35,24,16,7,3,6,34,34,34,24,25,22,,,,,,,,,,,,,,,,,,,,,,,
38,臺灣師範大學(圖書館),大安區,121.52889,25.02665,7,14,15,13,12,24,33,11,10,4,1,15,33,28,9,4,1,1,1,14,21,29,16,24,33,26,22,16,1,6,9,25,10,2,14,10,6,8,6,3,24,12,18,30,28,22,16,12,5,17,22,6,3,0,1,8,9,11,10,13,,,,,,,,,,,,,,,,,,,,,,,
39,南港世貿公園,南港區,121.61422,25.058,8,4,11,15,16,9,9,10,13,17,4,13,0,2,17,14,9,11,16,10,2,6,14,20,18,19,15,11,18,1,18,0,3,1,1,3,8,5,17,9,13,4,9,13,9,13,7,15,16,10,19,9,6,4,12,9,11,11,16,19,,,,,,,,,,,,,,,,,,,,,,,
40,玉成公園,南港區,121.5864,25.04287,0,0,0,0,0,0,0,0,0,0,0,0,0,0,0,0,0,0,0,0,0,0,0,0,0,0,0,0,0,0,0,0,0,0,0,0,0,0,0,0,0,0,0,0,0,0,0,0,0,0,0,0,0,0,0,0,0,0,0,0,,,,,,,,,,,,,,,,,,,,,,,
41,中研公園,南港區,121.613706,25.047425,11,16,26,20,19,14,18,19,18,18,27,15,3,3,15,11,19,21,21,14,15,20,15,20,13,12,8,21,11,5,5,22,18,24,10,14,19,18,24,19,20,17,16,13,14,12,17,11,3,8,17,22,15,16,11,10,10,15,18,15,,,,,,,,,,,,,,,,,,,,,,,
42,捷運後山埤站(1號出口),信義區,121.58174,25.04431,20,18,12,22,22,25,26,25,34,27,13,15,21,25,21,29,25,15,24,9,10,21,13,23,26,30,24,19,14,38,31,24,8,22,11,4,8,11,9,15,14,11,11,23,26,28,23,25,26,29,19,30,24,26,22,9,22,19,28,33,,,,,,,,,,,,,,,,,,,,,,,
43,凌雲市場,南港區,121.614154,25.035639,18,15,14,10,9,9,9,9,11,11,7,9,14,3,4,6,11,12,12,8,7,6,5,4,1,5,3,1,0,8,11,13,17,8,17,20,17,17,15,14,14,11,10,9,9,8,8,9,10,11,11,13,19,20,25,28,27,27,20,18,,,,,,,,,,,,,,,,,,,,,,,
44,捷運南港軟體園區站(2號出口),南港區,121.616187,25.05973,18,20,26,27,24,19,26,23,23,23,19,14,4,2,3,10,10,15,29,22,22,21,21,20,24,27,26,28,24,22,17,7,5,8,8,9,19,20,27,25,23,24,27,24,23,23,22,21,23,21,21,25,22,26,21,19,21,23,24,24,,,,,,,,,,,,,,,,,,,,,,,
45,捷運公館站(2號出口),大安區,121.534538,25.01476,29,2,0,2,2,6,5,0,1,11,30,6,10,18,15,14,19,2,9,0,0,0,1,3,18,1,9,3,30,3,6,17,14,7,8,3,29,1,1,1,0,10,23,9,2,13,13,16,14,19,19,15,1,13,8,5,27,4,17,3,,,,,,,,,,,,,,,,,,,,,,,
46,南港國小,南港區,121.611027,25.05646,8,1,23,30,20,15,14,9,20,12,35,17,3,0,1,5,3,3,5,26,36,25,29,25,31,24,26,23,36,20,6,6,0,3,3,4,3,8,13,24,31,30,32,33,34,33,22,31,40,33,29,28,31,33,21,19,21,20,22,20,,,,,,,,,,,,,,,,,,,,,,,
47,捷運忠孝新生站(3號出口),大安區,121.533862,25.041924,22,16,7,1,1,18,12,10,10,17,17,3,5,0,0,24,24,26,24,3,4,1,1,17,16,15,17,17,16,12,6,14,17,11,18,21,23,16,1,18,14,6,17,24,35,21,21,23,30,22,23,21,23,12,16,20,19,17,24,12,,,,,,,,,,,,,,,,,,,,,,,
48,南港車站(忠孝東路),南港區,121.608202,25.05247,25,28,11,1,7,6,5,8,6,6,8,25,26,30,32,28,25,25,20,15,14,2,2,0,3,1,2,0,6,19,19,19,23,22,17,16,21,17,8,2,5,7,6,7,6,10,11,16,21,22,34,28,22,20,11,14,12,12,9,10,,,,,,,,,,,,,,,,,,,,,,,
49,龍門廣場,大安區,121.548252,25.040901,33,37,9,17,15,23,24,34,36,33,45,34,36,43,35,16,1,31,45,11,15,15,7,15,22,24,24,34,25,7,19,26,23,2,6,3,34,16,3,5,15,21,28,38,48,9,12,12,3,42,24,7,7,0,16,19,34,5,12,23,,,,,,,,,,,,,,,,,,,,,,,
50,民權運動公園,松山區,121.560186,25.062002,39,42,30,25,27,27,29,32,25,29,29,24,22,29,38,25,27,32,20,20,18,16,15,15,16,18,15,16,13,4,3,3,9,12,16,20,20,25,19,22,20,18,19,16,15,18,17,18,12,7,12,14,17,26,24,24,20,23,23,26,,,,,,,,,,,,,,,,,,,,,,,
51,建國農安街口,中山區,121.536775,25.065031,9,12,10,5,5,4,5,5,8,8,16,17,2,9,14,17,18,22,13,4,7,3,7,7,5,11,10,6,4,9,11,15,21,21,21,21,26,22,17,14,15,12,8,4,8,7,2,2,1,8,10,9,17,15,23,22,22,21,28,21,,,,,,,,,,,,,,,,,,,,,,,
52,建國長春路口,中山區,121.536925,25.054761,18,11,6,8,12,12,12,6,9,9,14,9,6,10,1,7,3,5,5,19,21,6,2,7,4,5,6,3,0,1,1,6,2,2,7,10,12,20,14,17,17,14,20,12,20,22,23,13,8,2,4,3,4,6,11,4,7,10,12,5,,,,,,,,,,,,,,,,,,,,,,,
53,八德市場,中山區,121.536609,25.044781,9,4,3,2,3,2,2,4,7,8,9,0,1,6,12,20,15,15,13,14,15,17,13,13,17,16,11,15,5,1,0,9,9,9,13,13,3,4,3,3,2,5,1,5,9,10,11,12,5,7,5,9,15,15,16,21,18,9,1,11,,,,,,,,,,,,,,,,,,,,,,,
54,臺北市立圖書館(總館),大安區,121.538073,25.028798,16,0,0,7,8,14,13,17,16,4,2,6,18,15,5,14,18,15,11,1,0,3,8,11,5,6,3,4,4,9,26,25,16,30,21,21,11,1,2,6,8,12,12,20,13,21,15,14,4,22,17,23,15,11,16,11,9,9,17,6,,,,,,,,,,,,,,,,,,,,,,,
55,臺北田徑場,松山區,121.549408,25.049505,6,10,21,25,25,30,24,15,5,5,10,0,1,10,11,0,1,0,10,38,38,29,18,17,16,12,19,15,20,5,2,0,15,7,3,0,14,20,27,30,21,19,15,17,17,9,10,10,25,17,2,3,0,14,7,7,6,5,3,9,,,,,,,,,,,,,,,,,,,,,,,
56,仁愛林森路口,中正區,121.522334,25.038954,16,31,32,21,17,9,12,14,13,12,26,21,20,11,15,2,3,6,10,10,15,23,18,13,10,20,21,31,26,8,7,10,11,13,11,17,22,24,31,27,25,24,17,12,14,27,31,28,30,24,29,31,15,18,8,13,22,30,17,13,,,,,,,,,,,,,,,,,,,,,,,
57,新生和平路口,大安區,121.53519,25.026217,19,29,33,27,21,9,0,13,5,7,1,2,7,21,27,29,19,26,10,15,16,28,33,27,20,32,35,36,35,1,6,8,11,9,5,9,12,21,30,31,36,41,39,24,36,30,21,16,9,21,27,28,13,12,22,22,28,23,14,12,,,,,,,,,,,,,,,,,,,,,,,
58,捷運善導寺站(1號出口),中正區,121.5222,25.045267,12,24,16,25,18,5,7,19,19,16,20,11,13,3,4,8,6,2,14,25,26,26,24,27,25,34,32,30,15,6,1,4,5,5,3,2,10,15,6,6,0,13,6,15,33,38,28,28,23,11,10,23,16,15,9,4,20,19,24,34,,,,,,,,,,,,,,,,,,,,,,,
59,林森公園,中山區,121.525805,25.052227,21,10,1,4,0,3,4,10,10,2,1,4,12,18,11,7,6,13,14,2,1,6,7,8,4,4,4,2,4,11,21,27,15,19,17,11,17,19,17,25,17,20,21,25,18,18,14,21,8,14,26,20,21,15,16,15,13,16,12,18,,,,,,,,,,,,,,,,,,,,,,,
60,中山行政中心,中山區,121.533487,25.064317,12,5,24,19,23,16,10,4,7,8,8,0,7,15,9,13,16,21,6,9,11,5,6,5,6,8,6,3,1,7,8,11,18,3,11,14,22,6,22,17,9,7,2,5,5,7,2,4,9,3,1,0,12,8,11,12,12,14,13,12,,,,,,,,,,,,,,,,,,,,,,,
61,台灣科技大學,大安區,121.539723,25.0131,12,7,9,16,22,3,9,32,29,21,3,21,7,23,19,1,0,2,12,7,10,15,23,11,26,38,26,12,29,0,3,1,4,4,4,9,5,17,9,12,14,12,8,41,42,42,34,15,27,18,6,4,7,16,18,27,24,22,6,6,,,,,,,,,,,,,,,,,,,,,,,
62,南昌公園,中正區,121.520258,25.026827,10,17,11,13,13,15,15,11,11,2,0,31,23,12,14,1,1,15,15,14,20,10,17,15,13,1,21,25,20,8,15,20,17,16,2,0,16,12,9,17,13,8,1,25,24,31,28,19,23,17,5,6,1,1,2,3,12,29,22,20,,,,,,,,,,,,,,,,,,,,,,,
63,仁愛醫院,大安區,121.545632,25.037569,15,24,12,22,20,16,21,28,10,4,16,10,5,10,5,1,7,8,16,24,26,21,22,18,15,23,17,12,9,25,17,0,13,6,5,2,11,22,18,24,14,2,15,17,12,0,15,14,6,3,11,0,0,13,14,25,18,8,15,19,,,,,,,,,,,,,,,,,,,,,,,
64,國家圖書館,中正區,121.517029,25.037773,12,8,32,32,32,32,32,37,48,35,38,29,26,28,8,2,2,1,12,25,30,36,33,33,24,29,29,35,33,16,10,12,1,1,3,4,10,22,42,30,47,32,29,48,36,38,34,29,22,16,28,4,5,7,14,19,28,11,34,31,,,,,,,,,,,,,,,,,,,,,,,
65,青年公園3號出口,萬華區,121.502708,25.022725,13,1,20,16,14,19,24,32,15,14,8,14,10,14,21,3,17,27,13,19,17,14,10,14,17,22,15,19,17,5,12,2,16,4,29,35,15,21,16,11,15,18,18,23,26,26,26,7,6,11,19,10,28,33,25,36,25,17,17,13,,,,,,,,,,,,,,,,,,,,,,,
66,師範大學公館校區,文山區,121.537188,25.007528,15,26,24,24,22,6,7,7,12,20,34,26,18,26,15,34,1,9,17,23,24,17,28,26,21,25,25,33,21,12,17,27,37,28,28,9,20,14,19,12,16,24,30,30,30,26,24,23,15,18,15,14,29,32,15,9,9,3,19,19,,,,,,,,,,,,,,,,,,,,,,,
67,捷運臺大醫院(4號出口),中正區,121.516428,25.042973,25,8,15,20,14,15,20,35,30,27,25,33,30,20,27,3,1,0,17,9,11,22,19,17,26,26,33,34,46,42,32,34,23,24,2,15,13,6,17,30,14,16,18,17,26,35,39,45,30,20,5,25,3,7,26,24,31,22,17,20,,,,,,,,,,,,,,,,,,,,,,,
68,國興青年路口,萬華區,121.506536,25.025865,19,3,8,12,14,15,19,16,11,11,5,25,19,11,3,14,21,28,30,25,25,32,21,11,12,17,21,20,4,1,9,11,10,0,14,23,26,18,7,10,13,10,13,11,16,18,19,15,12,24,15,7,16,26,28,19,22,26,22,23,,,,,,,,,,,,,,,,,,,,,,,
69,興豐公園,文山區,121.547778,24.999837,25,22,17,10,16,17,13,13,12,10,7,13,11,6,9,14,20,8,22,14,12,19,15,15,13,16,6,5,6,10,11,19,13,10,15,21,26,24,13,12,8,16,20,15,18,20,21,14,20,8,14,4,10,14,21,23,19,24,21,14,,,,,,,,,,,,,,,,,,,,,,,
70,捷運台北101/世貿站,信義區,121.561645,25.032752,38,35,34,33,27,29,24,30,20,21,15,22,39,41,11,19,0,1,33,46,51,30,46,34,24,24,24,35,28,20,21,33,36,4,0,0,40,8,20,14,21,24,24,34,30,14,21,16,9,25,9,18,0,2,40,35,28,25,34,41,,,,,,,,,,,,,,,,,,,,,,,
71,捷運信義安和站(4號出口),大安區,121.554204,25.032985,22,13,1,2,3,6,8,9,8,7,14,6,15,17,4,10,10,3,21,2,2,2,2,0,7,7,5,0,4,20,22,7,4,5,6,4,20,22,2,2,2,5,8,7,9,18,16,13,7,3,18,15,10,17,29,13,13,28,7,22,,,,,,,,,,,,,,,,,,,,,,,
72,新生長安路口,中山區,121.529346,25.048611,7,0,4,2,2,1,3,1,2,3,0,8,15,18,22,25,22,16,15,5,7,5,5,6,7,4,3,3,2,11,23,25,17,18,18,20,8,5,1,0,3,2,4,3,3,2,4,4,5,21,16,17,24,23,25,25,22,20,16,11,,,,,,,,,,,,,,,,,,,,,,,
73,酒泉延平路口,大同區,121.510195,25.072228,5,8,20,19,17,17,17,19,21,23,22,12,6,4,7,10,12,12,7,19,20,10,10,8,9,14,18,13,18,1,0,1,1,4,13,14,16,11,20,23,25,16,11,16,17,18,24,20,18,14,18,19,20,19,11,12,9,10,8,8,,,,,,,,,,,,,,,,,,,,,,,
74,信義連雲街口,中正區,121.530547,25.033817,32,25,19,13,8,5,3,4,0,1,3,7,8,24,20,23,30,33,36,27,27,29,26,25,24,19,21,16,22,30,29,19,29,12,6,13,25,13,26,16,10,6,10,7,2,2,4,7,0,3,5,9,10,8,11,10,5,2,1,3,,,,,,,,,,,,,,,,,,,,,,,
75,基隆光復路口,信義區,121.557635,25.0300508,18,25,28,23,30,16,21,22,7,0,7,14,21,10,8,16,21,19,20,14,15,16,14,15,22,17,13,15,14,12,24,8,8,22,26,23,15,4,16,8,0,20,24,16,14,13,15,17,17,15,27,2,8,11,1,10,9,9,8,1,,,,,,,,,,,,,,,,,,,,,,,
76,新生長春路口,中山區,121.527522,25.056387,21,27,23,21,16,16,19,20,22,17,18,5,13,11,18,26,26,30,31,8,8,18,14,11,12,11,11,11,12,7,6,6,11,20,22,20,23,17,10,3,1,0,2,12,16,12,12,12,10,10,18,23,20,18,21,27,23,6,5,4,,,,,,,,,,,,,,,,,,,,,,,
77,民生活動中心,松山區,121.56297,25.059147,16,21,26,25,20,17,17,18,17,22,12,17,10,7,13,19,30,18,20,26,26,29,15,13,9,3,11,19,22,22,23,27,30,25,26,20,15,10,10,19,29,14,16,7,1,5,6,5,2,3,2,1,0,10,15,15,19,19,26,24,,,,,,,,,,,,,,,,,,,,,,,
78,捷運圓山站(2號出口),大同區,121.519287,25.071824,17,22,34,20,14,29,33,32,23,34,33,29,18,31,14,4,0,8,14,32,23,19,24,31,22,7,32,26,43,17,38,13,21,26,0,15,18,42,23,19,18,19,34,43,43,31,15,14,19,9,20,29,2,9,29,36,38,22,18,21,,,,,,,,,,,,,,,,,,,,,,,
79,捷運民權西路站(3號出口),大同區,121.520205,25.061285,15,16,16,16,17,12,4,13,17,21,14,12,7,23,18,9,14,12,21,20,20,23,20,14,18,21,37,34,27,32,24,24,21,17,17,13,21,27,29,31,25,24,23,21,28,28,31,24,20,17,17,3,9,7,20,23,16,17,20,18,,,,,,,,,,,,,,,,,,,,,,,
80,華江高中,萬華區,121.495869,25.02751,9,16,30,37,21,43,33,27,30,34,28,15,4,19,18,28,19,16,6,25,27,25,26,27,27,32,34,31,32,22,26,31,35,28,20,22,12,13,29,32,37,42,26,33,33,29,32,21,15,18,27,29,25,25,27,15,15,19,15,17,,,,,,,,,,,,,,,,,,,,,,,
81,捷運台電大樓站(2號出口),大安區,121.528552,25.020547,15,3,2,0,9,5,8,9,14,23,13,32,19,32,16,22,26,28,16,1,8,1,5,5,4,3,14,8,13,17,11,15,11,28,20,21,19,19,23,12,3,3,3,1,12,14,20,7,7,19,5,0,5,0,30,29,31,10,5,22,,,,,,,,,,,,,,,,,,,,,,,
82,捷運西門站(3號出口),中正區,121.508693,25.041778,27,23,17,18,22,19,25,27,16,21,8,9,8,30,22,1,5,2,29,22,20,22,24,21,16,10,33,40,37,26,11,3,1,9,5,1,37,32,25,25,35,32,32,31,28,23,31,23,31,28,41,29,15,16,26,29,25,28,35,18,,,,,,,,,,,,,,,,,,,,,,,
83,捷運大安森林公園站,大安區,121.535161,25.033156,53,20,17,3,13,12,10,60,69,70,62,56,26,9,7,6,2,1,53,18,36,14,0,14,7,46,57,55,47,46,43,38,43,69,57,55,67,36,42,15,2,2,1,16,33,35,38,36,29,32,24,4,7,2,68,65,52,52,43,32,,,,,,,,,,,,,,,,,,,,,,,
84,復華花園新城,萬華區,121.502899,25.029705,25,24,11,26,22,21,24,19,19,20,22,21,11,18,17,12,10,15,34,31,31,25,30,28,30,27,30,28,33,12,10,1,6,11,22,24,25,16,11,15,12,2,21,13,16,21,10,11,8,11,19,9,14,16,23,23,16,24,18,22,,,,,,,,,,,,,,,,,,,,,,,
85,信義敦化路口,大安區,121.54911,25.033362,18,16,22,9,4,13,13,13,14,25,24,18,4,1,7,1,2,4,19,36,36,26,28,18,13,32,30,32,32,18,20,19,7,1,3,0,18,14,16,15,10,16,18,7,33,28,32,29,25,17,5,2,2,1,17,24,21,23,22,18,,,,,,,,,,,,,,,,,,,,,,,
86,民權復興路口,松山區,121.545138,25.062344,9,1,6,9,8,9,9,7,6,8,8,8,3,11,9,17,14,16,12,4,5,2,3,6,5,6,6,4,3,3,3,6,8,11,13,15,12,6,4,6,4,3,2,10,11,12,11,8,5,4,2,5,15,18,30,26,25,26,26,30,,,,,,,,,,,,,,,,,,,,,,,
87,捷運大安站,大安區,121.543057,25.033078,8,1,4,2,2,1,4,5,1,1,0,12,7,8,5,0,1,6,11,0,2,1,5,7,9,12,7,1,5,22,14,17,6,0,0,5,11,3,0,4,1,3,16,13,8,15,9,13,9,3,10,8,3,3,19,1,3,14,4,8,,,,,,,,,,,,,,,,,,,,,,,
88,捷運象山站,信義區,121.57087,25.032922,34,9,17,15,38,26,34,42,52,33,35,40,37,27,30,30,24,28,43,1,0,12,13,12,11,28,25,31,43,37,32,26,22,21,3,2,30,9,1,2,23,12,14,20,23,20,23,26,26,24,25,2,13,13,34,39,53,42,25,16,,,,,,,,,,,,,,,,,,,,,,,
89,和平重慶路口,中正區,121.516385,25.027323,25,16,2,1,4,7,4,5,10,20,18,16,22,10,10,16,19,27,21,21,18,11,8,3,3,2,8,6,6,5,22,33,25,28,25,30,34,21,3,4,4,2,0,10,6,15,18,25,1,6,10,18,23,32,37,37,24,32,28,16,,,,,,,,,,,,,,,,,,,,,,,
90,老松國小,萬華區,121.501708,25.037783,27,23,13,5,13,17,20,24,20,10,1,12,29,15,24,27,32,36,35,15,15,9,5,1,5,4,1,0,4,19,19,19,18,17,26,25,19,11,5,7,7,7,10,17,18,21,23,25,30,28,28,29,31,38,8,12,7,2,17,17,,,,,,,,,,,,,,,,,,,,,,,
91,市立美術館,中山區,121.523268,25.070629,25,18,21,20,26,22,24,28,27,27,26,10,15,17,22,19,19,19,11,1,1,16,17,13,10,13,12,9,7,11,9,10,5,8,5,10,10,7,5,16,21,20,18,18,19,24,22,18,19,17,21,28,22,26,19,22,23,19,20,26,,,,,,,,,,,,,,,,,,,,,,,
92,開封西寧路口,萬華區,121.507169,25.046618,13,1,2,1,4,0,6,2,1,4,11,9,17,27,9,12,17,19,22,22,22,22,2,4,13,10,4,4,16,22,31,33,30,22,27,29,29,17,18,2,0,1,5,3,9,10,9,9,10,13,16,24,17,11,18,19,13,15,8,15,,,,,,,,,,,,,,,,,,,,,,,
93,吳興公車總站,信義區,121.569836,25.023877,26,3,32,17,35,34,21,16,18,16,31,32,9,34,30,55,36,39,37,27,25,24,26,28,33,15,19,23,20,31,31,18,11,26,16,27,27,17,20,37,37,41,19,12,10,10,10,12,11,21,40,23,55,19,29,15,8,47,45,35,,,,,,,,,,,,,,,,,,,,,,,
94,捷運景美站,文山區,121.541059,24.993254,19,7,17,21,23,16,13,13,13,9,19,30,26,34,36,39,32,27,22,25,23,25,31,16,19,22,24,22,28,32,33,18,15,3,32,25,25,7,19,32,38,18,8,21,25,24,25,24,26,21,12,21,2,4,13,17,16,27,16,11,,,,,,,,,,,,,,,,,,,,,,,
95,東園國小,萬華區,121.497679,25.023393,19,27,21,15,13,12,15,12,12,15,9,10,14,4,11,5,17,18,16,8,8,6,2,0,7,7,5,9,6,12,11,10,14,12,18,25,21,18,12,7,5,4,11,5,1,7,9,9,8,8,8,13,21,19,26,26,22,20,22,20,,,,,,,,,,,,,,,,,,,,,,,
96,三民公園,松山區,121.566558,25.061567,19,13,6,4,3,16,17,21,21,23,9,9,12,14,13,8,20,21,17,4,4,3,3,10,15,17,25,25,23,16,20,5,13,3,8,11,16,9,5,6,6,3,3,3,3,4,5,7,6,5,13,9,14,15,19,20,20,14,13,12,,,,,,,,,,,,,,,,,,,,,,,
97,捷運劍潭站(2號出口),士林區,121.524721,25.082825,22,28,6,1,17,23,23,22,17,7,15,46,15,14,1,1,2,9,25,0,9,27,31,23,27,17,23,18,22,41,29,52,24,1,0,1,30,19,0,27,32,14,16,24,31,32,25,8,10,3,17,13,0,5,29,27,16,18,37,14,,,,,,,,,,,,,,,,,,,,,,,
98,羅斯福景隆街口,文山區,121.540197,24.999378,28,26,24,23,24,24,21,22,26,26,28,25,15,12,13,12,17,18,28,18,18,18,17,17,20,20,23,19,14,18,18,25,24,34,19,22,30,28,25,21,22,23,24,22,23,25,23,25,23,26,26,26,30,27,32,33,33,35,28,25,,,,,,,,,,,,,,,,,,,,,,,
99,捷運雙連站(2號出口),大同區,121.520711,25.057866,15,32,30,29,24,18,28,31,18,15,27,5,1,8,1,1,11,8,7,7,7,20,28,20,21,12,8,39,34,1,9,5,1,3,2,6,15,11,25,29,25,24,22,25,30,25,25,15,15,8,1,7,1,5,14,19,24,26,31,34,,,,,,,,,,,,,,,,,,,,,,,
100,金山市民路口,中正區,121.530697,25.045753,10,8,6,1,1,5,7,4,8,19,16,23,16,15,11,13,11,13,11,9,10,6,14,15,22,16,14,13,10,14,17,15,7,10,8,7,22,20,14,16,17,19,19,26,21,25,18,24,25,27,19,17,9,8,4,3,5,10,8,7,,,,,,,,,,,,,,,,,,,,,,,
101,華山文創園區,中正區,121.528487,25.043668,18,15,18,24,22,21,17,23,24,35,41,25,18,27,23,20,19,18,20,21,20,23,26,28,28,26,34,39,37,17,19,27,25,16,16,16,16,11,7,14,19,18,14,37,42,48,46,39,36,37,27,27,22,12,19,17,19,29,21,16,,,,,,,,,,,,,,,,,,,,,,,
102,臺北市客家文化主題公園,中正區,121.525322,25.02043,10,6,4,5,4,3,1,1,2,3,1,0,2,0,2,1,7,7,12,1,0,1,0,0,0,0,2,2,9,4,4,1,5,8,11,11,3,1,11,8,6,4,2,0,2,6,8,9,8,6,2,6,8,8,15,11,5,2,2,1,,,,,,,,,,,,,,,,,,,,,,,
103,萬華車站,萬華區,121.503028,25.033639,17,6,1,1,12,12,16,16,15,12,15,24,29,29,30,33,34,35,31,14,15,18,19,20,19,15,14,16,15,36,33,35,38,37,36,39,36,23,24,21,21,18,23,20,21,20,21,23,24,21,23,21,24,26,23,21,19,15,14,16,,,,,,,,,,,,,,,,,,,,,,,
104,台北花木批發市場,文山區,121.54074,25.004023,21,18,23,21,21,12,9,7,8,9,12,19,12,27,9,18,29,13,29,14,33,30,31,29,21,18,11,10,20,26,11,24,7,14,5,10,27,20,9,25,22,19,19,14,15,16,17,21,9,16,13,9,22,30,28,22,16,21,19,20,,,,,,,,,,,,,,,,,,,,,,,
105,峨嵋停車場,萬華區,121.505409,25.044412,9,10,17,7,12,18,23,23,24,31,31,29,25,27,34,27,19,13,10,15,8,8,7,1,10,14,15,16,13,12,11,20,18,14,9,5,12,14,15,11,6,13,11,9,11,12,14,17,16,10,17,9,15,15,12,13,16,3,9,10,,,,,,,,,,,,,,,,,,,,,,,
106,西園艋舺路口,萬華區,121.497674,25.032932,17,7,2,0,3,6,9,8,7,7,12,9,6,11,10,4,1,6,17,6,5,4,2,6,6,6,8,8,9,12,13,12,8,12,11,6,25,16,14,10,8,11,16,17,13,8,12,10,3,3,4,3,9,9,25,28,26,18,20,20,,,,,,,,,,,,,,,,,,,,,,,
107,捷運小南門站(1號出口),中正區,121.509422,25.036402,17,29,46,45,32,32,24,21,15,38,34,28,10,10,3,6,7,0,4,39,39,38,40,43,29,31,30,40,29,17,14,4,17,7,7,8,7,11,22,21,17,9,4,9,26,21,14,26,28,39,37,29,27,23,24,27,22,32,36,34,,,,,,,,,,,,,,,,,,,,,,,
108,臺北孔廟,大同區,121.515843,25.073306,20,19,15,18,11,2,3,3,2,4,9,16,12,8,21,14,21,26,25,3,1,14,4,2,0,3,6,8,0,2,10,18,16,13,21,18,18,15,21,15,18,17,10,11,8,12,10,22,20,12,7,9,22,23,19,20,15,18,18,17,,,,,,,,,,,,,,,,,,,,,,,
109,林安泰古厝,中山區,121.530805,25.071606,11,15,18,15,15,14,14,16,17,15,11,9,10,15,14,12,11,15,9,21,22,21,16,18,19,24,21,21,13,15,6,11,13,14,18,9,11,13,19,21,21,17,17,18,18,18,16,16,14,13,14,8,7,8,9,9,17,15,16,13,,,,,,,,,,,,,,,,,,,,,,,
110,文湖國小,內湖區,121.560888,25.086376,35,15,9,23,21,11,5,2,5,11,16,16,14,22,38,18,31,28,42,14,15,18,25,19,14,18,12,17,15,0,3,10,36,14,31,33,30,23,24,29,23,19,14,11,12,11,10,7,1,5,17,17,25,32,33,28,19,1,24,15,,,,,,,,,,,,,,,,,,,,,,,
111,捷運忠孝復興站(2號出口),大安區,121.543497,25.040184,31,0,5,3,1,5,12,10,2,4,7,6,19,15,12,0,1,16,39,9,9,0,3,2,9,12,11,8,5,31,25,36,21,10,3,6,14,3,3,0,8,9,5,3,0,16,15,16,6,4,6,4,1,19,36,17,20,25,23,21,,,,,,,,,,,,,,,,,,,,,,,
112,捷運新北投站,北投區,121.503124,25.137456,32,29,25,21,25,38,35,32,27,18,1,3,15,21,18,21,23,22,23,23,22,9,25,25,21,26,23,19,0,12,13,20,22,21,20,20,22,32,29,21,12,29,24,19,11,14,17,12,9,16,19,20,23,40,41,32,26,27,25,18,,,,,,,,,,,,,,,,,,,,,,,
113,仁愛逸仙路口,信義區,121.561178,25.037724,18,33,24,25,21,21,18,22,19,23,17,18,6,4,10,11,10,13,25,24,26,27,30,29,27,32,21,20,21,11,5,15,16,15,13,5,14,15,11,9,0,8,7,10,17,19,15,12,11,12,14,22,15,12,23,23,22,22,20,16,,,,,,,,,,,,,,,,,,,,,,,
114,蘭雅公園,士林區,121.530386,25.109908,15,16,24,11,7,7,6,7,15,20,12,17,17,28,18,6,9,6,21,29,27,17,10,10,5,3,11,11,17,10,24,10,1,0,5,4,14,16,4,4,12,16,4,14,12,11,12,3,7,18,15,3,0,8,8,12,9,3,5,13,,,,,,,,,,,,,,,,,,,,,,,
115,臺北轉運站,中正區,121.520526,25.048222,44,19,8,8,6,13,17,14,11,8,22,28,56,29,18,20,13,51,42,10,8,3,3,13,8,9,7,2,19,48,52,34,30,34,18,30,52,40,27,23,23,21,32,32,31,35,22,37,29,43,45,41,25,30,46,48,38,37,37,29,,,,,,,,,,,,,,,,,,,,,,,
116,福林公園,士林區,121.530215,25.096122,6,5,1,1,1,2,5,9,5,7,12,16,18,22,21,14,11,11,14,17,17,13,15,12,7,6,5,6,2,7,6,4,4,4,9,7,11,8,8,6,5,6,6,11,11,12,11,7,10,9,9,10,15,16,20,14,19,23,25,29,,,,,,,,,,,,,,,,,,,,,,,
117,捷運北投站,北投區,121.498618,25.132581,40,29,35,19,19,28,34,31,35,37,32,41,32,37,21,0,0,11,25,17,17,18,16,20,35,23,12,15,17,12,43,26,23,9,9,15,30,29,25,23,23,18,24,49,38,46,33,38,28,18,28,26,12,13,25,34,28,37,12,33,,,,,,,,,,,,,,,,,,,,,,,
118,大業大同街口,北投區,121.499152,25.136929,15,0,5,8,5,1,2,3,0,0,2,4,6,15,7,18,22,24,29,1,1,13,11,8,1,0,1,2,2,10,19,23,12,13,22,27,17,16,0,8,3,9,6,0,2,3,1,2,5,12,13,13,18,27,27,18,26,21,16,10,,,,,,,,,,,,,,,,,,,,,,,
119,捷運劍南路站(2號出口),中山區,121.555116,25.08418,23,39,33,5,16,21,26,43,21,20,29,24,20,10,2,12,0,0,13,32,31,19,17,23,31,34,40,36,43,32,23,15,0,9,2,0,17,29,35,3,5,18,24,30,37,30,32,36,29,17,23,6,1,0,1,8,10,28,22,26,,,,,,,,,,,,,,,,,,,,,,,
120,捷運龍山寺站(1號出口),萬華區,121.50026,25.035479,25,7,9,13,20,11,12,12,7,12,19,25,16,5,0,9,0,13,16,5,8,14,10,19,21,22,15,24,18,0,0,12,2,6,3,6,30,10,15,23,23,18,10,12,8,7,14,6,2,10,2,5,7,1,9,6,6,12,14,13,,,,,,,,,,,,,,,,,,,,,,,
121,龍江南京路口,中山區,121.540568,25.05298,11,12,21,15,17,18,18,12,8,11,13,10,7,5,1,4,5,8,22,41,41,45,46,38,39,39,37,50,51,27,26,21,18,21,18,18,13,16,43,39,37,38,41,38,32,54,55,56,55,48,44,41,35,38,40,40,43,48,42,45,,,,,,,,,,,,,,,,,,,,,,,
122,捷運港墘站(2號出口),內湖區,121.57584,25.079666,24,20,1,1,4,3,6,2,3,0,11,22,18,17,26,9,4,3,27,0,0,1,3,2,1,3,1,4,15,36,35,30,36,20,24,23,35,28,0,0,0,1,10,6,2,2,16,39,38,39,45,26,18,17,22,25,27,29,19,27,,,,,,,,,,,,,,,,,,,,,,,
123,天母運動公園,士林區,121.534136,25.116325,9,25,31,21,23,23,23,26,24,24,31,15,33,16,15,3,7,6,16,25,27,44,22,17,5,22,25,28,19,28,34,13,8,19,10,10,7,19,24,28,18,13,8,5,5,5,5,23,28,22,23,24,20,20,21,23,20,26,31,29,,,,,,,,,,,,,,,,,,,,,,,
124,振華公園,北投區,121.518163,25.115863,16,7,1,2,4,4,8,8,4,7,11,3,2,3,2,3,5,2,14,12,12,12,10,12,10,13,12,8,10,13,14,14,12,17,19,17,19,13,9,6,8,12,17,22,16,16,14,16,18,18,17,18,25,29,30,30,26,23,27,30,,,,,,,,,,,,,,,,,,,,,,,
125,華西公園,萬華區,121.498495,25.038609,26,20,10,13,1,3,5,4,4,3,9,14,11,6,12,20,19,21,18,13,11,4,8,6,7,9,5,2,2,4,8,9,3,11,10,15,15,14,4,3,4,6,9,9,12,11,13,15,12,6,7,14,24,20,21,25,21,25,10,9,,,,,,,,,,,,,,,,,,,,,,,
126,敦化基隆路口,大安區,121.548336,25.022073,7,22,12,27,20,14,5,15,19,18,8,21,0,6,4,6,2,2,6,7,6,16,11,20,2,13,26,26,5,1,3,0,3,7,9,10,13,4,12,13,24,13,3,17,15,26,27,25,23,15,12,9,18,15,17,16,15,18,17,18,,,,,,,,,,,,,,,,,,,,,,,
127,東湖國中,內湖區,121.619521,25.073277,10,16,20,15,16,9,2,6,2,3,0,2,9,17,13,20,21,16,23,32,33,32,20,15,2,4,5,8,0,1,0,4,2,1,8,8,7,9,7,6,4,1,0,7,9,9,9,8,8,19,20,22,17,22,23,26,23,22,21,22,,,,,,,,,,,,,,,,,,,,,,,
128,成功國宅,大安區,121.546726,25.026808,17,18,21,22,18,22,20,15,0,0,7,6,14,23,26,17,20,24,27,7,3,22,17,10,7,5,0,2,7,6,14,12,12,3,10,18,20,15,12,16,10,11,9,10,10,15,21,20,21,2,7,12,29,33,20,16,19,14,2,0,,,,,,,,,,,,,,,,,,,,,,,
129,捷運文德站(2號出口),內湖區,121.58456,25.078424,23,19,13,6,4,7,9,4,8,2,1,8,21,21,20,19,15,12,40,0,0,1,1,7,4,0,6,1,3,15,19,20,21,24,16,15,30,28,3,3,1,1,1,3,3,2,6,12,18,16,30,32,25,24,27,29,27,27,30,30,,,,,,,,,,,,,,,,,,,,,,,
130,羅斯福寧波東街口,中正區,121.519411,25.031445,10,15,17,22,13,4,0,2,2,3,6,1,6,18,17,5,14,12,9,8,4,10,2,2,3,8,6,3,0,20,19,17,16,18,17,13,18,18,17,9,10,8,3,13,5,12,12,16,14,10,21,8,5,5,4,10,10,9,16,16,,,,,,,,,,,,,,,,,,,,,,,
131,洲子二號公園,內湖區,121.568688,25.079322,10,15,27,10,8,3,8,12,13,11,7,21,4,1,0,0,1,5,8,22,13,22,9,17,10,12,11,11,4,5,11,0,0,7,8,5,13,3,31,21,27,13,8,11,16,15,11,22,15,30,14,8,8,4,6,6,8,9,12,20,,,,,,,,,,,,,,,,,,,,,,,
132,羅斯福新生南路口,大安區,121.5331757,25.01603085,79,33,1,3,1,11,17,2,15,14,44,75,81,45,40,49,27,28,66,1,1,3,1,9,43,35,15,2,19,60,62,67,55,26,21,10,58,34,3,1,2,5,9,2,2,23,37,66,79,69,55,40,2,23,69,65,58,52,35,54,,,,,,,,,,,,,,,,,,,,,,,
133,蘭興公園,士林區,121.525888,25.111839,21,13,15,10,9,7,4,4,9,12,22,8,16,18,17,22,33,35,19,1,3,1,5,5,4,6,1,3,9,20,30,8,24,15,19,29,17,29,5,3,3,1,2,1,3,5,6,5,20,14,23,1,12,17,16,25,14,20,14,15,,,,,,,,,,,,,,,,,,,,,,,
134,捷運芝山站(2號出口),士林區,121.522629,25.10336,24,30,23,22,41,61,43,31,20,49,50,50,18,33,3,3,1,1,22,9,13,26,26,39,51,33,40,41,24,52,28,3,1,1,1,1,25,25,20,20,15,32,30,24,21,24,25,58,15,38,4,1,2,1,37,41,18,8,24,38,,,,,,,,,,,,,,,,,,,,,,,
135,捷運石牌站(2號出口),北投區,121.515677,25.114513,14,20,25,27,25,18,22,27,18,24,29,42,31,26,21,20,17,11,21,20,12,13,21,18,15,20,23,22,27,22,12,3,17,15,6,1,5,5,14,21,8,27,33,31,25,27,27,31,20,17,25,24,36,35,21,7,5,22,24,31,,,,,,,,,,,,,,,,,,,,,,,
136,國立臺北護理健康大學,北投區,121.517512,25.118049,18,18,12,11,16,19,11,14,17,22,19,7,9,6,19,18,10,5,10,14,17,18,20,12,11,17,21,22,8,9,8,18,15,15,9,14,15,27,17,6,17,14,13,19,24,22,20,16,10,15,20,13,13,13,12,20,18,9,11,8,,,,,,,,,,,,,,,,,,,,,,,
137,國防大學,北投區,121.493066,25.137976,19,17,16,14,12,15,15,18,17,19,13,0,3,15,22,43,41,31,25,21,21,25,23,23,22,19,19,19,13,5,1,10,14,17,23,28,20,22,18,19,18,15,13,3,2,2,0,0,1,0,1,13,20,25,12,11,6,0,11,8,,,,,,,,,,,,,,,,,,,,,,,
138,捷運永春站(2號出口),信義區,121.575372,25.040558,10,14,2,15,8,7,17,20,9,14,1,10,29,13,5,11,20,23,15,2,1,13,20,21,26,12,27,8,15,22,29,4,7,2,11,10,4,9,2,3,13,20,21,3,18,23,23,8,6,16,18,14,11,2,25,21,23,13,25,29,,,,,,,,,,,,,,,,,,,,,,,
139,永樂市場,大同區,121.510549,25.054501,18,14,30,12,22,19,23,21,20,17,3,20,8,6,10,4,4,10,13,20,7,27,6,5,15,23,17,21,13,2,0,0,0,8,20,11,13,15,16,15,23,6,4,17,20,29,23,16,11,10,9,3,1,3,7,9,14,22,3,1,,,,,,,,,,,,,,,,,,,,,,,
140,捷運大橋頭站(2號出口),大同區,121.512909,25.063404,27,36,23,18,39,28,23,23,35,36,28,37,33,39,28,27,22,12,7,15,13,4,16,9,10,7,20,12,2,16,28,19,20,15,9,4,19,35,14,22,17,8,6,6,10,24,15,13,19,20,9,1,0,1,17,23,22,11,8,5,,,,,,,,,,,,,,,,,,,,,,,
141,文山行政中心,文山區,121.569984,24.989902,9,10,15,14,14,16,13,15,17,20,17,14,24,35,19,19,25,25,9,10,10,10,9,7,9,5,6,9,16,18,19,20,16,18,19,21,10,10,12,11,11,11,11,8,11,13,14,14,13,10,8,5,11,12,16,16,26,29,29,28,,,,,,,,,,,,,,,,,,,,,,,
142,捷運木柵站,文山區,121.574214,24.997747,15,21,21,21,20,22,3,17,17,17,18,17,12,6,21,17,21,17,18,19,19,19,36,39,27,27,30,26,21,11,18,25,23,35,31,31,30,31,33,31,29,27,23,22,22,21,21,20,18,19,35,37,35,31,25,27,27,27,27,27,,,,,,,,,,,,,,,,,,,,,,,
143,捷運動物園站(2號出口),文山區,121.578752,24.997659,26,27,26,24,20,19,18,16,17,26,30,24,7,2,14,36,34,27,24,24,26,20,21,22,19,15,18,14,13,12,7,13,8,1,2,0,14,15,7,14,14,16,14,13,12,12,12,11,12,4,7,2,2,0,19,19,26,28,29,30,,,,,,,,,,,,,,,,,,,,,,,
144,國立政治大學,文山區,121.576536,24.988363,21,26,28,32,33,32,31,28,33,24,22,26,36,48,56,38,40,46,27,26,25,30,27,32,34,37,39,42,39,46,53,52,37,43,45,42,20,19,19,20,23,22,18,22,22,25,25,24,23,27,14,16,20,24,20,22,29,33,33,33,,,,,,,,,,,,,,,,,,,,,,,
145,樹德公園,大同區,121.516149,25.066688,28,30,32,25,19,19,12,11,4,1,1,2,14,24,26,13,19,22,24,24,24,26,25,16,14,16,1,5,13,18,5,16,6,9,10,17,34,24,21,16,15,14,16,21,22,21,21,25,20,28,24,19,27,32,30,31,31,27,26,25,,,,,,,,,,,,,,,,,,,,,,,
146,捷運士林站(2號出口),士林區,121.526556,25.092546,34,30,6,14,16,8,11,13,11,13,18,28,27,14,3,0,13,2,27,13,15,19,22,22,28,30,20,14,21,35,40,35,20,0,12,14,24,19,7,8,10,16,18,22,24,16,23,33,31,16,17,0,2,12,24,15,15,9,11,18,,,,,,,,,,,,,,,,,,,,,,,
147,士林運動中心,士林區,121.521814,25.089175,19,5,13,16,20,13,12,8,9,17,28,17,2,3,1,19,20,19,17,23,25,29,16,11,10,8,13,15,24,2,6,24,24,22,12,18,17,11,12,19,15,12,5,0,8,11,19,8,9,27,7,9,18,22,21,24,9,9,2,9,,,,,,,,,,,,,,,,,,,,,,,
148,捷運明德站,北投區,121.518316,25.110331,31,27,14,8,3,19,20,12,14,13,7,3,20,15,13,6,8,11,8,8,4,17,27,22,30,29,28,33,32,25,22,21,17,35,42,44,35,32,19,16,13,11,14,11,16,16,14,10,9,2,11,7,14,12,16,17,17,25,26,24,,,,,,,,,,,,,,,,,,,,,,,
149,北投運動中心,北投區,121.509621,25.116665,45,11,3,20,15,19,18,11,14,7,1,8,31,26,36,55,60,51,52,31,31,12,10,4,17,19,12,6,15,35,14,33,24,21,28,33,39,10,17,8,11,9,4,8,8,9,7,8,24,25,18,25,37,44,46,57,58,45,39,34,,,,,,,,,,,,,,,,,,,,,,,
150,松德公園,信義區,121.57343,25.036568,10,11,27,35,16,33,13,14,21,17,15,31,17,23,24,37,35,22,13,29,28,20,18,28,8,10,16,15,11,10,1,8,6,12,17,17,17,11,11,20,15,22,1,18,17,17,19,18,13,20,19,21,20,19,20,16,12,11,0,0,,,,,,,,,,,,,,,,,,,,,,,
151,考試院,文山區,121.549827,24.987507,7,9,13,14,15,13,13,10,16,14,9,6,4,14,7,17,22,18,11,12,13,11,12,12,13,12,12,12,3,4,12,23,23,10,18,17,8,6,13,11,10,10,17,16,16,17,17,16,10,7,8,4,6,18,20,27,15,14,12,12,,,,,,,,,,,,,,,,,,,,,,,
152,百齡國小,士林區,121.519175,25.08521,31,25,5,34,32,20,15,20,26,34,13,29,9,34,2,14,15,17,36,40,39,18,28,31,21,24,22,26,32,16,1,6,11,9,17,24,32,36,29,5,29,24,11,10,9,11,11,6,15,9,7,12,27,24,30,27,8,21,34,20,,,,,,,,,,,,,,,,,,,,,,,
153,蔣渭水紀念公園,大同區,121.516299,25.059885,19,15,20,19,18,18,22,11,6,7,5,4,9,16,14,18,17,16,19,25,24,23,23,22,21,23,7,8,6,7,3,9,7,9,18,26,21,20,15,7,3,0,2,6,8,9,9,16,5,14,13,16,20,21,25,24,20,23,21,16,,,,,,,,,,,,,,,,,,,,,,,
154,中正基河路口,士林區,121.519867,25.093396,16,26,29,17,16,16,14,16,16,10,3,12,15,26,25,35,12,16,16,20,23,22,22,22,21,28,32,37,19,4,6,11,14,20,22,26,14,24,26,27,26,28,25,27,29,30,25,26,32,10,7,17,18,20,21,22,19,18,22,21,,,,,,,,,,,,,,,,,,,,,,,
155,瑞光港墘路口,內湖區,121.57505,25.076193,9,15,4,3,11,23,15,10,7,12,3,4,1,1,1,2,1,1,4,15,17,0,0,2,2,2,0,0,1,0,2,2,0,4,7,1,6,13,8,13,4,4,2,10,12,14,10,10,2,6,8,11,11,8,11,13,13,10,17,20,,,,,,,,,,,,,,,,,,,,,,,
156,東湖國小,內湖區,121.61538,25.06853,5,5,3,7,8,13,11,10,14,6,1,7,14,3,7,15,17,22,8,2,1,5,6,4,13,10,3,5,1,7,11,25,9,3,3,1,17,9,11,9,11,13,5,6,6,7,7,9,14,1,2,2,11,17,15,13,13,13,22,20,,,,,,,,,,,,,,,,,,,,,,,
157,麗山國小,內湖區,121.571467,25.082703,24,18,9,7,10,8,9,10,6,9,7,9,5,5,7,6,6,11,4,3,3,1,1,1,3,5,0,2,3,5,8,2,5,4,6,9,18,13,9,3,5,3,3,4,2,3,4,4,4,3,5,4,9,13,13,11,8,7,4,11,,,,,,,,,,,,,,,,,,,,,,,
158,捷運東湖站,內湖區,121.61355,25.067026,10,15,19,21,24,23,26,22,20,17,12,7,10,10,7,4,2,3,5,24,24,28,27,28,27,23,23,20,4,4,5,0,2,6,3,12,13,20,37,40,40,41,30,19,31,32,33,37,34,28,19,20,21,18,16,17,22,30,28,32,,,,,,,,,,,,,,,,,,,,,,,
159,捷運西湖站(1號出口),內湖區,121.566695,25.082866,17,26,12,1,2,2,1,0,1,1,2,8,1,4,5,4,3,7,11,14,13,4,3,3,1,1,1,2,3,1,0,1,3,4,2,18,22,26,23,17,16,18,22,21,22,20,20,23,29,15,14,4,2,4,9,5,6,8,15,16,,,,,,,,,,,,,,,,,,,,,,,
161,大豐公園,北投區,121.503768,25.131143,32,27,26,26,23,21,22,22,25,24,24,13,23,27,29,34,42,42,35,35,34,29,24,28,30,38,41,41,31,9,19,27,38,48,37,46,40,37,40,38,41,38,46,38,39,39,26,28,13,11,22,29,39,40,42,39,37,20,37,33,,,,,,,,,,,,,,,,,,,,,,,
162,捷運中山國小站(4號出口),中山區,121.52772,25.062924,48,41,30,20,18,18,19,11,13,8,7,3,13,19,36,37,41,50,47,23,20,23,17,10,13,8,5,2,7,8,9,15,13,26,44,43,52,43,27,26,23,19,22,15,13,9,10,11,5,3,10,10,20,26,34,24,23,17,10,8,,,,,,,,,,,,,,,,,,,,,,,
163,捷運麟光站2號出口,大安區,121.559279,25.018097,47,39,27,18,40,37,41,39,39,43,51,61,36,37,46,58,68,48,53,35,35,42,36,35,39,38,45,44,48,22,25,35,36,42,52,53,59,52,41,35,30,26,31,26,29,18,21,17,23,38,17,29,41,47,59,56,50,47,44,40,,,,,,,,,,,,,,,,,,,,,,,
164,捷運奇岩站,北投區,121.500801,25.126286,18,20,19,31,23,30,35,38,40,40,39,33,29,16,46,4,9,9,18,30,31,26,15,34,28,33,41,37,38,19,5,25,18,12,8,3,19,28,16,30,31,37,35,42,37,41,43,40,32,38,26,28,9,11,11,17,19,26,39,28,,,,,,,,,,,,,,,,,,,,,,,
165,捷運唭哩岸站(2號出口),北投區,121.505693,25.120788,8,22,14,15,20,15,19,20,21,17,15,21,2,6,3,11,16,17,5,12,13,11,8,5,0,2,3,10,6,1,1,0,2,5,4,5,1,5,11,14,10,18,18,15,17,20,21,20,17,10,7,4,9,2,5,4,0,7,6,9,,,,,,,,,,,,,,,,,,,,,,,
166,臺北市立景美女中,文山區,121.556177,24.980602,12,15,13,16,15,14,15,18,20,6,3,14,18,1,7,4,5,7,16,21,21,20,18,18,14,16,16,18,7,18,24,34,2,1,4,6,11,14,14,18,19,23,22,24,27,15,15,15,7,7,10,10,16,17,10,10,12,13,14,15,,,,,,,,,,,,,,,,,,,,,,,
167,臺北市立天文館,士林區,121.518046,25.095714,4,19,31,41,20,33,30,34,25,19,11,5,15,12,14,18,17,16,11,41,38,28,30,30,33,29,35,35,26,32,30,29,28,29,30,30,19,24,40,31,33,33,37,47,39,39,34,32,32,28,30,29,30,30,32,38,18,30,30,34,,,,,,,,,,,,,,,,,,,,,,,
168,河堤國小,中正區,121.522855,25.02288,29,16,3,0,9,6,4,2,6,8,9,16,18,12,8,23,26,28,30,3,1,14,14,9,7,2,1,5,9,26,16,29,19,26,35,36,37,32,15,11,9,5,0,10,12,11,11,9,11,16,14,17,25,25,32,29,34,23,20,12,,,,,,,,,,,,,,,,,,,,,,,
169,植物園,中正區,121.509813,25.030015,8,15,30,26,25,17,7,16,27,27,21,7,9,16,19,25,22,12,20,43,43,41,31,28,25,39,41,36,26,5,2,0,8,16,19,25,14,24,43,42,39,35,38,30,30,26,21,17,17,9,12,18,24,30,31,28,26,21,22,20,,,,,,,,,,,,,,,,,,,,,,,
170,新東公園,松山區,121.568883,25.059245,41,44,40,38,34,19,16,9,7,5,4,5,11,14,11,23,34,38,35,31,32,32,28,31,30,28,27,26,27,37,37,40,35,24,38,25,26,28,20,13,10,7,7,3,3,2,6,5,5,3,3,12,9,13,14,18,15,12,12,6,,,,,,,,,,,,,,,,,,,,,,,
171,文山運動中心,文山區,121.559651,24.996842,12,13,16,17,21,16,15,10,11,11,5,7,9,9,3,3,4,4,15,26,26,25,23,23,24,22,21,17,11,9,8,6,1,1,16,16,21,23,28,24,22,23,22,24,24,26,26,28,28,21,20,19,23,22,25,31,25,23,22,22,,,,,,,,,,,,,,,,,,,,,,,
172,捷運南京三民站(1號出口),松山區,121.562891,25.051562,20,7,3,7,10,13,16,23,10,9,1,0,0,1,4,1,1,4,18,13,10,7,0,9,11,15,4,0,0,3,0,9,1,0,17,8,13,11,17,13,2,8,16,20,18,10,7,4,1,18,6,10,2,1,21,10,13,12,11,16,,,,,,,,,,,,,,,,,,,,,,,
173,捷運松江南京站(7號出口),中山區,121.533211,25.052181,41,38,2,5,11,15,32,29,22,40,29,26,14,11,16,4,9,16,39,6,5,20,16,8,26,21,28,28,4,11,4,6,15,4,3,30,35,36,13,5,17,36,39,41,28,28,55,49,47,26,30,16,5,13,44,46,42,36,34,42,,,,,,,,,,,,,,,,,,,,,,,
174,捷運小巨蛋站(5號出口),松山區,121.553057,25.051702,35,11,13,7,22,21,27,29,7,7,8,23,18,3,3,5,1,1,34,2,2,14,10,16,25,14,8,13,31,23,17,4,9,2,4,1,21,25,3,1,19,22,24,28,31,30,38,36,28,17,20,24,4,15,21,25,18,36,39,31,,,,,,,,,,,,,,,,,,,,,,,
175,捷運南京復興站(5號出口),松山區,121.544847,25.051618,22,21,8,1,16,9,27,33,25,43,50,50,29,16,6,2,4,3,12,1,0,9,3,31,8,16,32,34,28,26,6,10,5,0,0,13,33,43,22,16,13,39,24,32,33,36,30,26,20,24,4,0,13,1,16,18,26,28,32,20,,,,,,,,,,,,,,,,,,,,,,,
176,興安華城,中山區,121.542318,25.055997,39,16,6,4,1,5,5,0,3,3,10,21,18,21,25,39,46,50,42,7,6,2,1,5,5,3,4,14,19,24,27,41,54,70,74,80,71,50,46,38,25,23,24,22,25,23,24,27,19,26,29,45,54,64,70,73,74,70,63,56,,,,,,,,,,,,,,,,,,,,,,,
177,葫蘆國小,士林區,121.507495,25.082538,21,22,19,18,16,16,19,21,23,22,20,25,25,31,24,15,19,23,12,5,4,26,25,24,25,27,25,26,27,15,11,21,9,14,15,15,24,21,10,16,15,16,20,22,20,19,19,21,22,28,4,8,13,15,17,19,20,20,20,25,,,,,,,,,,,,,,,,,,,,,,,
178,延平國宅,士林區,121.510306,25.078908,16,10,8,6,4,2,3,3,4,4,8,8,5,12,15,4,9,10,7,1,0,14,13,12,16,16,13,11,7,1,6,12,2,10,15,17,13,21,9,9,9,7,6,6,7,8,6,7,6,9,8,4,9,13,13,10,9,14,15,14,,,,,,,,,,,,,,,,,,,,,,,
179,南港公園,南港區,121.59073,25.041355,17,7,8,3,1,4,5,3,3,1,5,4,13,16,19,7,19,23,37,14,13,23,18,18,21,18,17,17,20,16,16,21,9,20,26,34,29,26,16,12,14,12,14,7,5,9,9,11,10,13,16,10,20,25,35,34,27,35,28,25,,,,,,,,,,,,,,,,,,,,,,,
180,福華商場,內湖區,121.592654,25.06877,7,10,8,7,8,6,6,5,6,7,5,5,0,4,6,4,3,4,4,8,6,5,6,5,7,8,9,8,6,8,7,8,11,10,11,13,5,7,9,9,8,8,6,5,6,7,8,7,5,5,5,6,6,5,13,15,17,16,15,16,,,,,,,,,,,,,,,,,,,,,,,
181,建國和平路口,大安區,121.537383,25.02585,4,16,23,27,16,10,2,28,30,27,21,1,29,19,16,2,0,1,15,37,36,49,36,38,39,47,22,24,7,24,16,17,21,0,9,10,9,18,30,41,12,5,10,14,21,14,1,4,5,20,15,3,1,12,31,38,42,36,10,32,,,,,,,,,,,,,,,,,,,,,,,
182,捷運古亭站(2號出口),中正區,121.523537,25.0253,19,46,24,19,25,24,13,15,15,6,9,1,0,1,5,3,0,0,5,27,30,42,35,30,24,31,26,40,27,4,11,3,0,3,0,3,7,21,36,25,29,29,32,28,25,21,20,22,15,0,3,1,1,6,15,17,22,26,33,38,,,,,,,,,,,,,,,,,,,,,,,
183,圓環站,大同區,121.514179,25.05379,29,20,14,12,5,7,9,6,11,9,7,4,8,0,13,11,15,9,21,16,18,7,6,4,4,3,1,0,1,3,16,3,5,12,16,13,16,17,11,17,16,12,8,16,16,13,8,11,5,6,1,7,13,6,22,20,17,18,10,10,,,,,,,,,,,,,,,,,,,,,,,
184,劍潭社區,中山區,121.537892,25.084759,28,27,23,21,20,21,22,20,19,17,19,18,18,15,16,20,24,27,25,17,17,16,12,13,15,14,12,13,11,10,11,13,17,22,26,24,27,25,21,22,18,18,19,18,18,19,18,19,17,20,22,26,28,29,20,18,30,27,27,24,,,,,,,,,,,,,,,,,,,,,,,
185,?公公園,大安區,121.54605,25.042342,16,8,7,2,4,7,5,8,5,7,6,9,22,18,16,12,14,9,13,1,1,2,0,6,10,14,12,11,9,16,24,24,12,6,0,6,22,13,5,2,5,6,11,14,19,9,9,14,18,17,17,4,10,17,1,4,0,3,4,10,,,,,,,,,,,,,,,,,,,,,,,
186,臺北市立大學,中正區,121.514218,25.035414,30,42,53,56,57,54,40,30,29,43,38,45,33,32,26,11,22,22,23,40,41,40,47,50,23,25,40,38,26,2,3,5,2,2,4,5,18,23,48,53,53,57,29,28,40,43,44,38,45,44,37,29,32,30,37,38,38,43,33,32,,,,,,,,,,,,,,,,,,,,,,,
187,仁愛延吉街口,大安區,121.555769,25.037465,10,21,20,25,14,14,17,12,5,6,11,10,7,6,4,7,1,6,0,21,16,21,16,12,23,18,12,12,11,12,8,0,1,14,24,22,7,7,20,19,25,15,14,9,11,10,8,12,13,21,22,22,24,25,14,15,14,7,15,15,,,,,,,,,,,,,,,,,,,,,,,
188,社子國小,士林區,121.50189,25.090293,35,30,34,32,31,30,32,33,33,24,21,16,18,15,26,32,37,42,42,43,43,43,42,44,44,50,48,48,48,28,30,35,30,22,24,24,29,27,26,24,30,32,31,30,33,33,32,30,30,25,31,37,37,38,39,40,39,39,37,41,,,,,,,,,,,,,,,,,,,,,,,
189,金瑞公園(金龍路),內湖區,121.58781,25.087987,22,18,12,12,6,4,4,8,4,7,5,12,23,21,3,20,30,23,30,4,3,21,15,13,14,10,7,8,9,30,19,20,5,11,28,20,22,28,16,14,15,14,17,12,15,16,19,8,17,22,22,26,26,18,26,19,28,19,19,10,,,,,,,,,,,,,,,,,,,,,,,
190,捷運大直站(3號出口),中山區,121.546683,25.079278,5,12,4,1,1,1,3,5,4,0,1,10,12,16,22,4,0,0,11,17,16,8,10,18,13,15,14,14,1,13,10,4,2,1,5,6,17,19,7,3,1,1,0,14,16,17,17,19,24,23,19,15,18,13,10,12,9,6,10,14,,,,,,,,,,,,,,,,,,,,,,,
191,捷運大湖公園站(2號出口),內湖區,121.60206,25.083873,13,13,11,10,10,11,9,10,6,5,6,8,7,9,9,9,7,5,5,1,1,0,13,17,13,11,14,14,15,13,11,4,7,5,6,5,7,7,6,9,10,9,9,11,12,12,8,9,9,9,8,5,6,7,10,10,9,24,26,25,,,,,,,,,,,,,,,,,,,,,,,
192,捷運葫洲站(1號出口),內湖區,121.607955,25.072485,11,7,8,10,13,13,11,11,10,15,15,10,4,4,3,2,7,7,5,2,3,7,9,7,11,7,1,0,1,1,0,2,1,4,1,7,11,12,11,13,15,15,16,14,16,19,18,11,7,10,8,8,2,13,9,12,9,11,10,12,,,,,,,,,,,,,,,,,,,,,,,
193,舊莊區民活動中心,南港區,121.61935,25.041277,17,9,8,12,13,10,9,3,8,7,7,9,9,11,1,8,15,17,15,7,4,4,1,4,6,5,5,8,7,6,19,14,18,13,18,23,18,12,15,13,10,11,11,11,11,11,10,11,14,14,14,18,24,17,23,21,22,20,23,21,,,,,,,,,,,,,,,,,,,,,,,
194,市民林森路口,中山區,121.524388,25.047958,36,39,39,42,34,30,32,39,39,41,38,22,24,33,38,20,23,23,22,24,27,37,35,27,27,33,37,34,30,8,13,17,16,13,9,8,25,26,28,32,31,30,32,31,32,31,26,27,26,15,18,21,23,29,27,29,21,23,22,20,,,,,,,,,,,,,,,,,,,,,,,
195,信義杭州路口(中華電信總公司),中正區,121.523987,25.035851,14,15,35,31,25,15,15,25,29,31,32,8,2,7,2,2,3,1,5,35,41,32,31,22,13,28,25,37,27,4,5,6,7,6,2,6,10,26,44,31,25,20,14,33,31,30,18,9,12,11,7,25,31,36,31,27,25,20,39,36,,,,,,,,,,,,,,,,,,,,,,,
196,新湖國小,內湖區,121.589233,25.068744,10,11,9,7,7,5,3,1,3,3,3,1,0,0,7,11,14,15,8,7,6,7,5,4,4,3,2,1,3,1,3,3,2,4,12,14,14,13,9,8,5,6,4,0,7,7,5,2,5,2,6,4,9,11,9,5,8,8,8,8,,,,,,,,,,,,,,,,,,,,,,,
197,饒河夜市(八德路側),松山區,121.571885,25.049845,23,17,16,14,12,15,15,16,16,15,19,24,24,30,23,20,19,21,24,20,20,18,19,22,20,21,20,22,10,6,11,14,11,12,9,7,6,5,7,6,5,5,9,10,9,10,10,11,11,3,11,11,17,25,22,21,17,19,14,12,,,,,,,,,,,,,,,,,,,,,,,
201,東陽公園,南港區,121.597924,25.057164,12,15,21,24,20,19,20,16,14,22,19,22,15,8,9,20,25,31,34,42,43,25,24,11,10,16,21,19,21,13,15,12,19,28,37,29,10,8,21,15,15,12,9,15,14,16,14,18,10,1,1,14,17,21,26,26,25,23,23,23,,,,,,,,,,,,,,,,,,,,,,,
202,捷運關渡站,北投區,121.467336,25.124646,29,27,31,20,15,8,5,2,1,16,18,11,8,14,5,14,11,9,24,42,40,23,21,26,21,19,15,19,13,4,3,0,3,5,0,12,23,36,39,28,28,28,23,21,22,22,28,39,35,29,23,12,12,17,36,26,22,22,17,21,,,,,,,,,,,,,,,,,,,,,,,
203,古亭國中,萬華區,121.51057,25.024487,19,18,10,9,7,2,11,12,11,11,3,3,20,8,9,12,22,25,31,15,14,19,12,14,13,12,10,9,17,10,16,20,15,15,27,32,26,29,20,13,15,17,15,14,9,10,8,7,14,20,10,14,17,19,22,24,17,13,12,10,,,,,,,,,,,,,,,,,,,,,,,
204,臺北市立大學(天母校區),士林區,121.53742,25.113625,27,25,20,22,16,20,13,15,17,12,6,2,3,6,16,26,34,22,30,19,19,17,13,13,3,12,16,12,6,9,12,2,7,8,20,24,24,15,8,6,17,15,16,20,21,22,15,15,16,20,15,22,22,26,18,16,13,9,15,15,,,,,,,,,,,,,,,,,,,,,,,
205,木柵光輝路口,文山區,121.55561,24.988241,11,9,8,13,10,9,11,12,12,14,14,13,10,14,9,9,19,13,7,2,2,8,10,11,11,8,10,10,10,12,15,13,17,7,9,10,6,6,4,4,6,4,6,5,5,3,3,2,2,4,9,11,16,17,20,18,18,15,16,16,,,,,,,,,,,,,,,,,,,,,,,
206,捷運辛亥站,文山區,121.55716,25.005386,3,7,11,13,17,16,19,21,14,15,9,10,18,16,22,22,23,15,17,24,23,23,25,25,22,20,20,17,15,16,21,15,12,10,10,7,7,10,19,20,23,20,19,15,15,17,17,16,15,9,10,10,9,9,16,17,16,16,15,15,,,,,,,,,,,,,,,,,,,,,,,
207,福安國中,士林區,121.487477,25.103242,5,6,7,7,7,7,6,6,1,1,4,3,3,3,3,3,3,4,4,7,7,7,7,5,5,4,4,5,5,1,2,4,1,4,4,10,10,10,11,11,11,11,9,9,9,9,10,10,10,7,5,3,5,7,7,6,6,7,7,10,,,,,,,,,,,,,,,,,,,,,,,
208,龍山國小,萬華區,121.495342,25.035555,21,16,12,13,10,11,9,7,8,7,3,6,17,22,25,25,30,31,34,22,24,22,25,21,22,19,21,21,19,26,25,28,42,28,32,32,32,26,17,15,13,14,17,12,14,15,18,19,22,23,35,23,26,24,33,27,23,20,20,20,,,,,,,,,,,,,,,,,,,,,,,
209,捷運復興崗站,北投區,121.486071,25.137837,10,7,12,17,17,20,18,16,15,17,22,25,19,14,9,16,12,9,8,7,7,15,16,11,10,11,13,12,19,18,15,15,12,11,3,1,2,1,20,24,22,22,17,19,20,21,23,22,17,18,16,16,13,6,15,14,17,15,13,18,,,,,,,,,,,,,,,,,,,,,,,
210,樂群二敬業四路口,中山區,121.558135,25.079766,33,27,21,39,43,34,28,13,13,18,23,30,27,18,38,29,35,40,30,6,8,20,22,17,5,2,1,4,9,9,8,16,18,29,37,38,23,28,8,12,12,4,0,1,3,1,5,7,16,21,30,24,28,34,48,42,30,28,23,21,,,,,,,,,,,,,,,,,,,,,,,
211,星雲金湖街口,內湖區,121.597339,25.080915,19,11,6,5,5,2,1,1,15,15,11,8,8,5,5,11,9,9,11,0,0,13,13,10,13,13,13,12,11,10,10,10,7,7,11,9,23,18,10,9,16,14,14,13,12,12,11,10,6,5,6,8,12,11,11,10,8,6,20,20,,,,,,,,,,,,,,,,,,,,,,,
212,北安大直街口,中山區,121.549452,25.084223,24,20,24,23,21,23,21,22,22,21,23,28,21,21,14,17,17,21,18,16,16,14,15,16,17,15,16,15,15,15,14,21,17,16,11,13,9,6,8,8,10,12,21,24,24,25,24,24,24,27,26,21,23,23,18,18,19,23,25,18,,,,,,,,,,,,,,,,,,,,,,,
213,蘭雅國小,士林區,121.523107,25.107782,11,12,1,4,5,0,5,7,9,7,6,8,0,2,3,2,3,3,6,2,1,5,6,0,7,6,10,7,4,1,0,1,1,2,1,8,1,2,2,1,0,2,2,7,8,6,6,8,6,2,3,1,1,14,5,4,11,13,16,18,,,,,,,,,,,,,,,,,,,,,,,
214,基河一期國宅,內湖區,121.578645,25.055935,11,8,13,12,10,11,10,10,5,5,9,6,3,0,1,7,13,12,11,13,13,15,14,14,13,8,7,11,14,4,2,0,2,6,10,11,6,1,9,6,5,6,7,9,7,7,7,7,6,7,8,10,8,8,23,23,20,20,20,19,,,,,,,,,,,,,,,,,,,,,,,
215,捷運北門站(3號出口),大同區,121.510367,25.04993,45,39,27,28,31,35,27,39,38,35,33,5,6,5,1,13,22,24,30,17,14,23,34,27,17,26,21,22,24,6,1,3,9,5,0,7,40,42,26,25,34,30,32,39,40,28,45,49,45,34,20,17,8,15,15,13,27,32,32,28,,,,,,,,,,,,,,,,,,,,,,,
216,培英公園,中山區,121.544601,25.082553,27,40,44,43,30,27,24,26,40,39,39,26,20,19,21,28,31,33,35,31,31,27,28,26,27,30,26,26,23,0,1,14,11,19,21,23,28,31,34,34,33,32,31,29,30,29,23,21,21,21,17,12,14,16,21,36,39,41,30,28,,,,,,,,,,,,,,,,,,,,,,,
217,臺北花市,內湖區,121.574267,25.062645,16,21,29,38,24,22,23,24,24,23,28,26,23,21,13,6,0,0,6,24,26,15,22,24,22,24,25,25,28,7,21,12,9,3,1,4,7,13,25,12,13,18,18,20,19,19,21,17,7,23,21,12,2,8,10,13,17,4,10,16,,,,,,,,,,,,,,,,,,,,,,,
218,松山高中,信義區,121.564108,25.043299,0,0,0,0,0,0,0,0,0,0,0,0,0,0,0,0,0,0,0,0,0,0,0,0,0,0,0,0,0,0,0,0,0,0,0,0,0,0,0,0,0,0,0,0,0,0,0,0,0,0,0,0,0,0,0,0,0,0,0,0,,,,,,,,,,,,,,,,,,,,,,,
219,大理高中,萬華區,121.49074,25.031147,13,35,30,29,30,18,16,12,10,7,16,3,12,11,16,23,19,10,10,38,35,37,17,13,21,25,25,21,15,18,21,31,17,16,10,16,9,33,20,22,18,11,2,0,12,18,14,16,13,15,22,22,19,26,26,36,29,25,25,24,,,,,,,,,,,,,,,,,,,,,,,
220,大稻埕公園,大同區,121.510512,25.059162,27,8,20,17,19,9,9,5,2,5,1,5,1,5,0,11,21,24,14,10,11,14,4,4,10,10,6,7,7,8,2,10,6,8,21,20,15,8,18,22,16,2,4,4,5,8,9,9,10,5,4,10,11,16,2,4,7,1,2,1,,,,,,,,,,,,,,,,,,,,,,,
221,泰和公園,信義區,121.57107,25.019276,25,17,12,13,6,10,6,6,2,1,6,15,20,8,15,39,32,38,29,17,15,7,13,11,3,14,9,6,11,15,16,28,3,26,15,25,15,30,20,18,11,6,15,13,14,12,15,16,19,4,12,26,19,24,20,12,27,13,25,12,,,,,,,,,,,,,,,,,,,,,,,
222,撫順公園,中山區,121.522065,25.064108,7,13,12,13,21,24,11,9,13,16,4,0,1,8,6,11,15,20,9,22,22,11,16,17,2,14,19,17,18,4,4,3,13,19,10,13,7,5,11,14,13,12,10,12,19,20,15,12,16,16,16,13,12,17,9,11,13,11,12,8,,,,,,,,,,,,,,,,,,,,,,,
223,清江國小,北投區,121.507267,25.1274,16,1,29,27,24,13,6,4,5,0,2,1,4,18,2,36,23,31,16,20,22,23,22,12,0,2,0,3,5,17,30,10,26,30,25,25,11,0,21,16,5,3,2,1,0,1,0,1,12,11,4,13,31,24,25,30,28,25,19,13,,,,,,,,,,,,,,,,,,,,,,,
224,社正公園,士林區,121.510535,25.088243,28,24,22,20,20,10,13,13,14,15,17,12,14,5,9,22,25,28,28,21,21,23,19,20,19,18,21,7,11,16,14,4,9,16,20,23,22,20,13,11,12,14,14,15,15,14,14,20,20,7,15,20,26,26,32,18,16,15,15,16,,,,,,,,,,,,,,,,,,,,,,,
225,臥龍樂業街口,大安區,121.554839,25.0186,19,24,14,14,9,21,21,19,7,8,11,20,20,36,5,12,21,21,22,5,15,21,18,18,16,16,15,17,18,24,28,10,18,20,23,29,24,13,35,28,26,24,22,21,19,18,20,22,12,12,20,15,24,20,30,23,21,29,22,32,,,,,,,,,,,,,,,,,,,,,,,
226,向陽南港路口,南港區,121.594228,25.054365,4,16,24,10,11,10,8,21,21,20,14,24,10,1,6,6,7,7,10,28,29,20,21,20,19,21,21,24,23,15,11,5,7,17,21,20,3,11,23,18,20,20,17,13,16,16,16,15,12,21,13,12,16,15,13,17,20,19,18,17,,,,,,,,,,,,,,,,,,,,,,,
227,麗山高中,內湖區,121.57668,25.084244,29,34,27,17,18,17,15,19,20,14,9,9,17,10,4,9,13,14,14,9,9,2,1,1,0,3,3,4,0,4,6,10,13,16,19,23,16,19,15,6,5,5,5,8,10,8,7,5,5,12,14,15,21,23,21,21,23,23,20,16,,,,,,,,,,,,,,,,,,,,,,,
228,捷運萬芳社區站,文山區,121.567474,24.998956,21,21,19,15,16,16,17,17,17,15,17,14,9,1,14,14,14,13,8,5,5,13,11,9,10,9,9,9,10,2,4,1,3,8,12,8,7,6,4,2,15,15,15,13,11,11,11,11,9,2,4,19,18,18,11,10,11,9,11,11,,,,,,,,,,,,,,,,,,,,,,,
229,市民太原路口,大同區,121.514611,25.049394,12,17,3,2,3,9,9,11,10,9,6,4,0,0,4,8,6,9,17,13,13,8,9,14,21,9,11,6,12,9,1,3,0,4,1,11,13,14,8,9,6,11,9,10,13,9,7,12,12,0,3,7,2,5,7,6,3,4,13,1,,,,,,,,,,,,,,,,,,,,,,,
230,湖光國宅,內湖區,121.580811,25.075366,24,15,11,5,5,3,4,6,7,7,14,14,17,19,7,15,20,25,24,15,15,7,2,2,4,3,4,5,4,19,22,19,12,19,24,26,26,17,14,6,5,2,3,4,4,5,5,8,12,18,16,23,33,22,21,16,11,12,7,11,,,,,,,,,,,,,,,,,,,,,,,
231,內政部營建署,松山區,121.545022,25.047805,14,24,17,35,28,24,23,28,30,15,18,9,21,30,16,11,1,10,12,13,14,32,13,6,4,16,20,19,19,18,15,24,20,9,8,13,8,18,9,21,14,12,6,10,14,17,14,14,15,23,20,15,10,12,15,15,22,20,24,20,,,,,,,,,,,,,,,,,,,,,,,
232,中山天母路口,士林區,121.529738,25.118843,10,0,1,4,7,7,10,10,10,6,4,1,2,5,9,1,3,6,20,7,6,7,6,5,7,12,2,0,0,6,4,13,13,7,2,4,18,7,2,6,7,4,6,5,8,9,6,7,20,13,7,8,6,3,17,15,15,20,19,16,,,,,,,,,,,,,,,,,,,,,,,
233,捷運忠義站,北投區,121.474155,25.131411,14,14,13,13,14,13,13,13,11,13,15,12,18,16,14,13,12,12,9,10,10,10,9,11,13,13,14,13,16,18,19,13,11,13,12,12,13,14,11,11,10,8,5,3,3,3,5,4,5,5,5,4,6,6,3,3,2,3,4,0,,,,,,,,,,,,,,,,,,,,,,,
234,永欣綠地,北投區,121.526071,25.124162,31,28,24,20,16,17,16,15,16,18,14,14,12,8,7,8,9,6,16,5,5,2,1,15,15,12,10,10,12,10,9,5,7,6,7,6,15,13,10,5,8,5,4,1,15,20,29,31,26,25,25,25,28,25,21,22,17,13,8,20,,,,,,,,,,,,,,,,,,,,,,,
235,市民東興路口,松山區,121.565928,25.04846,5,6,11,17,7,14,14,3,5,5,11,24,1,12,10,1,5,1,1,27,27,16,7,4,11,13,5,15,14,10,4,1,11,6,3,6,10,19,1,10,8,8,3,14,14,15,13,8,15,8,26,11,14,13,7,8,6,0,17,23,,,,,,,,,,,,,,,,,,,,,,,
236,關渡自然公園,北投區,121.469138,25.119292,22,15,7,8,5,5,7,5,3,2,0,3,13,6,19,30,33,27,30,3,1,10,3,0,7,9,11,12,12,13,11,12,13,17,23,24,19,9,8,2,5,7,9,10,10,10,8,10,19,8,9,16,23,24,27,28,29,29,24,22,,,,,,,,,,,,,,,,,,,,,,,
237,文山第二行政中心,文山區,121.551418,25.001149,21,8,16,20,16,14,11,11,11,12,12,13,9,10,13,16,27,15,26,15,16,25,22,19,22,21,25,25,25,16,17,19,18,13,21,30,25,21,16,12,10,22,20,18,24,23,23,14,10,9,15,23,21,12,22,24,25,22,15,13,,,,,,,,,,,,,,,,,,,,,,,
238,瑞湖陽光街口,內湖區,121.575965,25.073119,4,4,18,4,8,3,1,14,19,16,5,17,0,0,1,0,0,0,7,19,15,21,16,7,8,11,13,13,1,0,0,0,0,4,1,9,16,19,12,9,14,12,10,6,2,13,5,27,29,8,3,14,12,9,8,7,13,19,24,13,,,,,,,,,,,,,,,,,,,,,,,
239,新明路321巷口,內湖區,121.584098,25.056687,9,13,14,11,10,9,9,9,13,11,13,12,9,10,8,7,12,14,15,23,23,23,23,20,20,21,23,25,23,15,18,16,16,14,20,20,11,12,18,18,15,16,14,11,14,15,16,16,11,7,12,13,14,16,19,17,22,21,21,21,,,,,,,,,,,,,,,,,,,,,,,
240,南京建國路口,中山區,121.536802,25.052141,16,25,55,17,26,23,22,22,16,41,42,54,15,10,1,0,8,7,8,8,10,29,29,33,28,24,51,55,51,32,20,15,5,4,3,6,21,17,40,43,23,28,27,19,25,24,33,47,37,28,46,46,40,37,43,29,29,31,31,37,,,,,,,,,,,,,,,,,,,,,,,
241,林口公園,信義區,121.579146,25.038943,23,25,6,24,23,17,22,28,12,7,18,20,21,8,17,30,23,20,26,14,14,20,34,31,38,15,13,8,7,19,31,17,14,24,18,19,31,22,28,18,17,22,28,5,5,6,7,8,11,9,12,13,20,32,15,23,13,18,14,9,,,,,,,,,,,,,,,,,,,,,,,
242,關渡宮,北投區,121.463161,25.117472,4,2,0,1,0,1,1,1,2,0,1,0,2,13,9,10,10,11,11,12,12,11,11,12,12,15,12,12,16,11,10,6,8,15,16,7,3,4,2,4,5,6,7,7,7,9,8,6,7,7,7,6,9,12,14,4,2,7,8,5,,,,,,,,,,,,,,,,,,,,,,,
243,社子公園,士林區,121.506219,25.090202,14,6,4,3,4,4,3,6,3,2,6,10,15,5,9,9,8,7,13,10,10,10,7,7,13,19,18,18,20,9,9,10,11,10,7,12,15,9,14,14,15,15,17,16,13,13,13,3,3,7,9,12,11,13,19,21,21,21,22,20,,,,,,,,,,,,,,,,,,,,,,,
244,復興市民路口,中山區,121.543736,25.045908,18,14,32,39,16,19,23,30,34,32,37,28,15,14,3,4,1,15,19,34,36,25,25,29,34,33,34,29,27,0,25,32,16,1,3,0,24,14,36,19,22,23,30,31,25,30,27,26,20,14,16,6,0,15,12,9,1,14,19,28,,,,,,,,,,,,,,,,,,,,,,,
245,捷運中山國中站,中山區,121.544028,25.060632,6,24,4,8,7,6,0,1,0,11,20,4,14,3,0,7,4,11,15,12,11,9,25,22,26,26,4,3,6,9,21,2,3,8,4,1,16,22,7,0,4,2,13,12,30,24,22,19,19,4,8,1,2,2,23,24,19,17,29,43,,,,,,,,,,,,,,,,,,,,,,,
246,國立故宮博物院,士林區,121.548086,25.098743,3,2,2,2,3,3,1,0,5,5,3,0,0,0,3,4,5,5,8,9,9,9,9,8,14,15,16,16,11,3,3,3,4,5,7,10,13,12,13,11,11,11,9,10,10,10,9,7,5,5,5,4,6,5,3,2,5,2,3,4,,,,,,,,,,,,,,,,,,,,,,,
247,木柵公園,文山區,121.560627,24.987144,12,9,9,8,7,8,5,5,2,2,16,14,11,12,13,14,15,16,13,7,7,5,5,5,3,3,1,2,2,2,1,4,8,10,11,12,10,8,1,0,13,12,10,10,11,11,12,12,12,10,15,15,14,15,14,10,4,7,8,8,,,,,,,,,,,,,,,,,,,,,,,
248,喬治工商,大安區,121.555566,25.027123,9,10,1,0,6,3,2,5,6,8,2,2,8,23,18,21,25,21,13,12,13,7,18,20,15,18,20,27,24,23,24,6,12,13,24,7,11,10,4,25,20,16,22,21,15,17,24,11,7,13,14,18,10,17,15,21,13,5,17,18,,,,,,,,,,,,,,,,,,,,,,,
249,中華桂林路口,萬華區,121.506624,25.037706,25,12,12,10,5,14,5,17,23,7,13,12,27,5,16,6,0,10,28,18,18,15,12,13,14,12,0,7,14,21,30,16,23,11,7,5,27,15,13,2,5,6,12,9,5,4,10,19,10,4,6,3,6,4,22,15,10,14,17,17,,,,,,,,,,,,,,,,,,,,,,,
250,忠孝東路三段217巷口,大安區,121.539873,25.04184,20,13,10,4,1,11,20,30,29,4,2,5,4,3,6,7,10,9,29,16,17,8,11,6,6,12,17,18,12,5,8,10,8,11,14,16,29,27,12,13,12,16,14,25,20,22,18,22,15,10,14,20,20,15,17,13,16,10,8,9,,,,,,,,,,,,,,,,,,,,,,,
251,華齡公園,士林區,121.520692,25.083023,27,9,2,12,19,10,9,7,5,0,8,14,19,13,3,14,10,9,22,14,14,1,24,19,13,15,16,17,19,5,6,16,6,27,14,20,31,33,31,19,15,19,20,17,16,16,19,12,12,12,11,14,15,15,24,18,8,27,23,15,,,,,,,,,,,,,,,,,,,,,,,
252,大安運動中心,大安區,121.545608,25.020544,13,18,18,11,16,12,1,2,6,5,11,19,28,17,3,0,1,2,9,6,8,1,8,3,3,0,13,21,20,10,4,16,1,4,1,6,9,3,11,9,13,20,23,11,12,11,5,5,2,23,15,9,1,6,12,12,17,27,33,9,,,,,,,,,,,,,,,,,,,,,,,
253,芝山抽水站,士林區,121.52799,25.101423,14,4,20,21,20,18,19,19,20,18,15,23,22,29,20,23,28,28,22,2,1,24,20,20,20,22,23,20,21,27,24,3,2,11,19,20,26,12,1,9,5,3,5,1,0,1,1,1,0,3,8,11,21,20,13,9,5,21,19,16,,,,,,,,,,,,,,,,,,,,,,,
254,立功立德路口,北投區,121.471482,25.125377,5,20,16,16,25,28,24,26,25,23,17,9,17,16,10,11,13,13,6,30,30,17,22,22,18,22,21,22,14,1,4,1,20,13,7,6,5,9,22,17,22,22,22,24,22,22,17,13,29,23,18,22,9,10,13,23,22,24,24,20,,,,,,,,,,,,,,,,,,,,,,,
255,光復南路22巷口,松山區,121.557674,25.046914,25,9,19,20,21,12,17,17,21,13,19,11,1,8,8,6,8,9,17,13,10,14,27,16,10,9,24,23,26,12,11,14,3,0,8,16,19,2,14,15,19,26,14,9,12,15,23,18,14,7,4,8,5,16,14,10,13,17,4,2,,,,,,,,,,,,,,,,,,,,,,,
256,中山中正路口,士林區,121.527526,25.096507,15,12,6,7,4,3,0,0,0,3,0,7,2,5,11,15,14,18,19,15,15,15,15,15,17,18,15,20,18,18,26,34,20,17,15,17,13,9,6,5,21,20,21,18,22,24,24,24,25,30,26,20,22,25,20,17,15,17,15,15,,,,,,,,,,,,,,,,,,,,,,,
257,錦德公園,萬華區,121.492637,25.023316,15,23,13,13,13,11,11,9,8,10,11,4,12,14,7,18,27,21,25,1,0,6,1,3,0,6,8,12,12,18,10,15,6,21,33,21,21,15,3,3,1,1,3,1,5,5,10,1,7,9,10,19,34,21,24,19,15,13,9,8,,,,,,,,,,,,,,,,,,,,,,,
258,聯合醫院中興院區,大同區,121.507979,25.052096,5,9,22,28,32,35,32,33,31,22,18,14,7,9,13,10,13,7,9,27,28,33,31,31,26,24,17,16,12,2,0,2,4,7,8,6,7,13,21,24,26,26,23,26,24,24,26,21,19,23,27,32,35,37,16,15,14,6,6,8,,,,,,,,,,,,,,,,,,,,,,,
259,南京遼寧街口,中山區,121.542168,25.051761,14,10,2,18,15,11,16,23,22,30,30,24,13,1,10,1,4,7,6,0,0,17,15,17,18,22,19,17,19,24,17,10,17,5,0,4,18,21,2,4,11,12,9,3,15,13,18,24,16,11,6,0,1,5,5,16,15,2,18,26,,,,,,,,,,,,,,,,,,,,,,,
260,民權瑞光路口,內湖區,121.583991,25.068616,7,9,9,10,9,7,6,8,9,13,12,13,8,4,4,4,2,2,6,1,1,1,1,0,18,17,15,16,19,14,10,10,6,8,10,10,10,7,5,4,1,7,7,8,9,9,11,13,7,9,6,6,7,12,9,9,9,10,7,15,,,,,,,,,,,,,,,,,,,,,,,
261,健康新城,松山區,121.560928,25.054095,33,30,8,2,3,8,4,13,18,20,19,27,28,21,5,22,35,43,33,17,20,4,17,21,23,25,22,32,29,14,23,28,11,20,21,26,33,13,32,19,24,19,20,16,17,20,19,20,17,19,15,22,29,33,28,26,25,26,25,20,,,,,,,,,,,,,,,,,,,,,,,
262,永安藝文館-表演36房,文山區,121.569064,24.984144,17,10,9,16,17,14,16,15,13,13,15,16,15,21,4,8,8,13,20,16,17,17,16,18,17,16,16,17,20,22,20,6,6,19,27,8,12,9,11,4,6,7,8,11,12,13,13,13,6,2,14,18,19,21,19,14,14,12,11,8,,,,,,,,,,,,,,,,,,,,,,,
263,至善臨溪路口,士林區,121.542153,25.097103,17,19,25,27,28,28,30,29,26,22,14,12,11,8,9,12,16,17,19,21,21,24,24,24,22,20,21,21,20,10,9,11,11,13,12,16,17,17,17,16,17,17,15,20,19,19,19,23,22,23,24,26,25,27,14,14,10,10,20,18,,,,,,,,,,,,,,,,,,,,,,,
264,秀山區民活動中心,北投區,121.493009,25.145936,19,18,16,15,14,14,14,11,16,16,15,15,14,13,13,13,15,15,16,12,12,11,10,9,8,3,3,3,2,2,2,1,1,1,2,3,19,13,11,9,9,9,8,9,10,10,10,9,9,8,8,9,10,11,12,11,7,7,6,6,,,,,,,,,,,,,,,,,,,,,,,
265,中央北路四段30巷口,北投區,121.478,25.135394,6,10,11,9,8,5,6,5,6,8,4,6,5,6,9,10,13,13,13,13,13,16,16,8,1,4,3,3,1,2,2,7,9,8,10,11,7,10,11,11,11,9,9,6,6,6,5,6,8,9,9,10,13,14,16,16,18,17,17,17,,,,,,,,,,,,,,,,,,,,,,,
266,洲子一號公園,內湖區,121.564806,25.080258,12,21,34,14,13,13,19,22,22,27,26,23,3,12,3,5,6,6,3,22,22,9,14,13,9,13,10,8,2,0,0,6,0,0,2,2,6,11,10,22,24,22,15,24,26,26,21,25,31,23,19,13,14,16,10,9,8,10,15,15,,,,,,,,,,,,,,,,,,,,,,,
267,八德中坡路口,南港區,121.580194,25.05062,9,6,1,2,13,15,12,13,16,16,15,15,9,6,16,15,16,15,8,5,6,12,10,8,15,11,14,16,15,10,6,6,3,15,16,21,10,11,9,13,12,13,12,10,9,9,10,12,9,17,23,22,22,20,28,28,27,23,26,25,,,,,,,,,,,,,,,,,,,,,,,
268,南港高工,南港區,121.607055,25.056655,13,15,10,8,4,4,6,10,9,2,0,4,2,6,4,11,17,17,16,16,14,11,6,6,6,4,3,3,0,5,7,10,14,15,17,19,17,17,16,11,5,1,9,8,8,5,5,5,6,3,3,6,8,9,17,18,19,17,16,13,,,,,,,,,,,,,,,,,,,,,,,
269,三軍總醫院,內湖區,121.590304,25.070723,14,17,19,19,21,20,20,17,16,17,14,9,4,2,2,3,3,1,6,8,8,7,13,11,11,10,9,9,9,4,6,7,7,11,15,14,13,14,14,14,15,16,15,14,16,16,18,16,14,13,18,18,19,20,22,23,23,21,21,22,,,,,,,,,,,,,,,,,,,,,,,
270,雨農國小,士林區,121.529217,25.105429,26,13,22,14,9,12,12,13,19,14,18,17,20,17,5,0,14,15,15,29,29,29,24,23,24,21,22,27,17,9,18,4,4,12,15,15,23,6,25,27,19,12,16,14,20,21,22,5,10,2,8,9,13,15,25,18,19,14,18,10,,,,,,,,,,,,,,,,,,,,,,,
271,伊通長安路口,中山區,121.534693,25.048334,8,13,28,12,16,15,17,25,28,14,10,14,5,13,22,15,10,9,11,25,12,19,17,16,11,15,1,23,25,18,21,21,8,5,3,4,9,15,17,20,16,19,19,21,17,17,19,19,16,18,14,11,17,14,6,7,6,11,15,23,,,,,,,,,,,,,,,,,,,,,,,
272,忠順區民活動中心,文山區,121.563125,24.984707,18,11,12,12,10,11,8,6,5,5,3,0,4,5,2,13,17,22,27,22,24,24,12,9,11,10,11,12,13,11,12,18,17,12,17,11,16,11,11,4,10,12,14,18,16,17,16,8,8,6,4,6,11,15,21,21,23,20,18,21,,,,,,,,,,,,,,,,,,,,,,,
273,芝山國小,士林區,121.535954,25.110437,20,0,23,21,24,24,25,28,26,23,29,6,19,27,9,25,16,25,27,16,14,9,21,20,17,22,23,25,22,14,13,8,10,21,32,24,32,15,30,26,23,21,21,14,16,17,17,19,22,1,8,6,10,14,28,27,24,14,28,28,,,,,,,,,,,,,,,,,,,,,,,
274,扶輪親恩公園,內湖區,121.579833,25.066997,12,3,2,3,3,1,0,0,18,16,16,14,14,7,10,9,11,12,12,0,0,1,8,7,3,16,15,15,12,5,7,2,3,4,4,2,12,9,1,1,7,3,3,4,11,13,11,9,5,4,6,7,7,7,19,17,17,15,14,14,,,,,,,,,,,,,,,,,,,,,,,
275,西本願寺廣場,萬華區,121.507688,25.040988,42,42,48,30,35,24,26,30,34,32,34,35,20,26,30,35,29,21,16,27,26,28,25,29,28,30,30,32,42,44,41,31,16,29,12,8,28,30,35,38,42,40,43,41,38,37,39,36,28,11,14,1,0,2,14,16,19,20,15,15,,,,,,,,,,,,,,,,,,,,,,,
276,三興公園,信義區,121.55932,25.028679,21,5,13,8,8,14,14,13,8,9,15,19,31,12,14,24,30,26,26,15,15,10,8,3,3,0,2,7,13,19,21,27,26,18,20,27,33,36,12,6,2,0,0,3,2,0,2,7,11,19,13,13,14,20,24,16,21,19,9,4,,,,,,,,,,,,,,,,,,,,,,,
277,中山堂,中正區,121.51025,25.044091,13,20,16,20,11,10,15,12,12,8,10,6,24,15,24,30,29,24,10,20,20,10,9,13,16,18,18,26,16,2,10,4,13,1,2,1,7,15,19,25,23,13,19,19,20,15,11,14,9,10,20,14,8,9,11,10,11,14,16,16,,,,,,,,,,,,,,,,,,,,,,,
278,明美公園,內湖區,121.586065,25.062557,3,2,14,15,16,16,18,18,19,25,21,17,3,5,5,1,0,3,3,15,17,15,16,16,17,15,17,16,9,6,0,5,2,3,1,2,5,7,16,21,21,24,25,25,25,25,23,22,21,18,20,15,17,18,18,18,20,23,18,17,,,,,,,,,,,,,,,,,,,,,,,
279,南港車站(興華路),南港區,121.606331,25.053432,33,21,25,6,10,14,25,11,8,14,15,14,23,41,31,23,13,1,25,3,13,2,4,15,10,11,9,8,13,35,43,28,11,30,12,8,39,34,26,0,5,9,3,1,2,4,12,27,26,36,22,16,32,25,8,13,11,10,16,24,,,,,,,,,,,,,,,,,,,,,,,
280,士林新天地,士林區,121.51732,25.089034,20,11,15,13,16,17,19,14,17,13,16,13,9,0,1,11,14,7,27,25,17,14,18,13,16,18,16,17,20,6,11,25,13,7,3,10,17,6,18,15,12,12,13,11,12,12,10,14,13,16,7,15,7,9,14,12,8,4,3,4,,,,,,,,,,,,,,,,,,,,,,,
281,松江公園,中山區,121.532725,25.050245,13,15,19,24,18,15,2,4,14,9,14,13,7,4,3,1,3,3,9,17,16,19,17,17,10,3,4,10,13,3,2,1,0,0,3,3,11,12,13,14,7,21,18,13,16,11,12,12,7,11,11,6,5,7,4,5,0,1,2,6,,,,,,,,,,,,,,,,,,,,,,,
282,富台公園,信義區,121.571999,25.041935,18,17,10,20,17,14,14,16,17,11,11,11,20,12,13,21,30,17,18,12,14,17,17,16,11,8,15,16,4,5,5,16,20,14,25,25,18,24,18,8,21,17,9,2,10,19,18,9,6,1,14,16,17,23,26,24,20,12,16,17,,,,,,,,,,,,,,,,,,,,,,,
283,中央北路四段540巷口,北投區,121.4677,25.127959,10,11,9,8,7,5,6,6,8,10,4,4,7,13,16,14,14,14,10,8,8,7,8,9,14,15,12,13,11,12,15,19,18,20,22,22,9,10,11,9,9,10,11,12,15,15,16,16,17,16,14,16,18,18,20,21,21,21,20,17,,,,,,,,,,,,,,,,,,,,,,,
284,華聲公園,士林區,121.522096,25.096166,12,8,8,13,13,9,12,6,2,4,1,2,2,3,13,12,14,18,14,10,10,11,9,8,9,9,9,11,13,20,11,11,25,28,16,17,15,12,13,12,13,12,12,14,13,13,13,13,12,12,13,21,22,20,25,28,26,26,27,27,,,,,,,,,,,,,,,,,,,,,,,
285,螢橋國小,中正區,121.51377,25.025966,9,24,11,16,14,20,15,17,16,21,25,26,38,38,0,17,19,29,23,28,31,23,20,17,11,20,24,23,24,4,10,25,15,11,25,30,29,15,21,38,32,28,25,24,25,27,25,26,33,10,9,18,34,30,27,29,26,11,27,28,,,,,,,,,,,,,,,,,,,,,,,
286,德明財經科技大學,內湖區,121.565713,25.086372,5,1,1,7,7,8,8,6,8,7,4,7,9,10,10,12,17,18,21,13,12,12,10,5,10,6,7,6,6,8,10,12,9,12,18,16,22,19,13,14,11,8,7,10,9,8,8,9,6,4,6,9,15,19,25,26,25,24,19,20,,,,,,,,,,,,,,,,,,,,,,,
287,第二果菜批發市場,中山區,121.538264,25.067558,22,21,10,10,10,8,12,16,5,11,10,10,8,10,16,26,18,23,22,16,15,4,3,6,6,15,17,18,15,6,13,19,6,17,19,24,21,13,5,6,9,1,3,12,12,12,10,8,11,3,7,8,17,24,26,32,26,20,15,18,,,,,,,,,,,,,,,,,,,,,,,
288,濟南紹興路口,中正區,121.524591,25.041928,7,8,30,27,29,28,25,30,27,27,14,9,7,0,1,1,4,7,8,27,29,30,23,29,31,26,25,21,15,14,14,15,13,6,5,8,14,18,24,24,28,27,19,38,36,33,35,33,36,28,24,33,31,36,39,39,38,40,30,26,,,,,,,,,,,,,,,,,,,,,,,
289,牯嶺公園,中正區,121.518835,25.023377,1,16,7,14,1,0,16,17,17,19,12,8,34,5,9,5,24,32,2,20,17,11,2,1,16,13,17,13,20,30,9,16,29,5,24,10,21,29,6,11,1,0,1,16,16,19,22,23,21,9,13,5,27,18,22,20,28,30,30,21,,,,,,,,,,,,,,,,,,,,,,,
290,新生公園,中山區,121.530188,25.068387,2,1,0,1,4,0,2,3,1,2,0,2,3,7,6,7,9,12,2,0,2,0,5,4,4,4,0,3,1,8,10,11,10,14,17,2,3,1,0,1,5,2,1,2,1,2,0,1,8,11,4,11,16,18,16,15,18,22,22,14,,,,,,,,,,,,,,,,,,,,,,,
291,捷運松山站(3號出口),松山區,121.577459,25.049616,32,14,6,0,13,19,27,33,25,31,14,19,15,9,27,6,0,11,37,15,15,15,13,19,17,16,10,16,30,31,36,32,41,12,0,34,38,27,10,6,6,19,22,27,26,28,34,41,43,36,22,24,15,13,41,49,23,28,30,34,,,,,,,,,,,,,,,,,,,,,,,
292,合心廣場,南港區,121.582848,25.046361,16,11,15,22,21,16,15,11,17,19,21,17,16,20,21,16,16,17,17,17,19,19,18,19,15,15,8,4,12,18,20,31,26,22,16,15,18,12,10,14,13,14,13,10,14,15,14,14,20,19,17,15,15,11,21,23,21,26,31,26,,,,,,,,,,,,,,,,,,,,,,,
293,自來水園區,中正區,121.530037,25.013284,11,28,28,25,17,19,16,18,27,25,22,9,17,0,5,6,3,4,8,23,22,21,19,14,14,15,10,7,3,4,7,13,3,0,8,8,2,18,12,9,7,9,15,11,9,11,15,9,9,5,2,11,4,3,15,18,19,14,10,15,,,,,,,,,,,,,,,,,,,,,,,
294,朱崙商場,中山區,121.540431,25.047617,2,1,33,25,25,31,23,19,18,20,24,13,0,6,8,6,1,1,9,26,27,23,25,25,27,30,36,25,24,5,0,13,1,4,7,6,10,5,25,33,17,13,13,20,22,25,23,21,30,28,21,14,14,21,10,7,6,6,4,7,,,,,,,,,,,,,,,,,,,,,,,
295,敦親公園,大安區,121.541083,25.023473,6,11,23,18,7,9,16,19,5,2,4,4,6,14,15,2,5,14,8,25,23,24,11,3,17,16,10,7,7,13,17,12,17,12,20,15,15,12,20,22,9,6,10,14,15,12,12,15,11,6,5,18,19,17,16,12,19,22,22,12,,,,,,,,,,,,,,,,,,,,,,,
296,萬和二號公園,文山區,121.536446,25.001545,15,16,20,16,18,17,17,18,19,20,3,5,13,8,4,8,16,9,16,15,15,16,19,19,19,15,16,17,17,22,29,2,7,13,21,15,18,17,15,16,15,13,14,15,14,14,14,13,13,8,6,8,17,21,14,23,20,14,12,19,,,,,,,,,,,,,,,,,,,,,,,
297,長沙公園,萬華區,121.499922,25.041702,8,6,5,6,6,7,8,10,11,13,11,10,14,10,11,12,16,16,12,7,7,4,3,4,4,6,5,5,7,14,14,13,5,12,15,14,9,7,6,1,2,1,1,2,4,2,1,4,5,3,2,5,6,6,8,6,4,3,1,2,,,,,,,,,,,,,,,,,,,,,,,
298,太原五原路口,大同區,121.516976,25.056458,19,14,7,9,8,7,8,2,9,10,4,3,8,14,8,15,16,12,13,14,15,15,16,15,19,29,13,13,15,4,3,1,3,3,4,8,9,5,1,4,5,0,1,3,5,8,4,3,2,1,13,17,21,20,22,19,19,21,12,12,,,,,,,,,,,,,,,,,,,,,,,
299,萬華國中,萬華區,121.499358,25.029264,5,12,9,8,6,4,1,5,7,4,4,2,4,3,3,1,4,3,10,9,9,7,3,7,0,7,9,2,4,1,4,2,0,2,1,6,9,15,13,11,10,8,1,1,6,3,5,3,1,1,1,9,14,15,18,20,17,16,14,12,,,,,,,,,,,,,,,,,,,,,,,
300,信義基隆路口,信義區,121.558731,25.033209,6,2,15,9,12,7,8,11,12,15,14,7,1,4,6,1,2,5,15,24,28,17,14,10,4,5,8,3,13,5,4,4,14,23,9,2,9,9,21,1,5,6,5,3,9,6,4,12,5,11,15,11,17,12,6,6,6,11,4,10,,,,,,,,,,,,,,,,,,,,,,,
301,林森長春路口,中山區,121.525383,25.055062,2,3,13,8,2,4,7,11,6,0,2,3,7,17,7,12,13,15,17,6,9,10,9,14,4,17,8,9,5,8,5,2,3,6,14,18,9,10,20,6,9,13,10,3,4,9,6,13,6,12,12,17,25,8,12,7,5,12,1,6,,,,,,,,,,,,,,,,,,,,,,,
302,敦北公園,松山區,121.550711,25.060746,19,13,18,16,12,12,15,12,12,14,11,12,14,11,6,9,7,10,19,21,20,18,17,17,17,20,22,22,16,8,13,2,3,6,6,4,8,8,4,15,18,19,12,12,16,17,14,18,14,16,12,10,11,8,9,12,13,11,9,9,,,,,,,,,,,,,,,,,,,,,,,
303,安泰街83巷,內湖區,121.617085,25.076691,23,16,9,8,8,5,5,7,7,4,1,1,10,14,7,13,17,20,16,4,4,3,8,5,3,2,1,2,3,9,14,11,14,22,25,24,24,16,7,5,6,4,0,2,1,3,6,6,9,11,12,19,23,21,17,15,15,11,5,5,,,,,,,,,,,,,,,,,,,,,,,
304,金華公園,大安區,121.531235,25.029902,20,13,6,1,1,3,0,3,3,8,5,4,10,17,16,14,31,14,18,11,15,16,18,19,8,3,8,11,8,8,11,10,1,12,28,24,20,20,5,11,13,5,5,6,2,6,2,6,5,5,6,19,26,19,18,13,1,3,1,3,,,,,,,,,,,,,,,,,,,,,,,
305,碧山公園,內湖區,121.592253,25.087413,19,22,1,0,1,8,4,4,5,4,8,10,19,8,14,15,29,17,23,11,18,5,2,1,1,0,0,0,7,12,21,12,18,17,26,28,13,26,2,3,3,4,0,0,1,1,1,2,6,13,18,13,24,25,23,20,8,34,17,8,,,,,,,,,,,,,,,,,,,,,,,
306,捷運古亭站(6號出口),大安區,121.52198,25.027781,22,12,5,9,3,2,11,26,16,17,15,2,3,14,15,31,32,37,43,0,0,0,22,14,16,21,20,23,18,8,10,13,28,27,20,22,20,4,1,9,14,20,17,24,30,34,35,33,24,27,12,12,5,14,24,22,15,21,21,25,,,,,,,,,,,,,,,,,,,,,,,
307,仁愛安和路口,大安區,121.552076,25.03757,10,2,24,16,19,13,0,16,19,19,14,14,16,7,0,1,2,7,9,9,9,15,7,16,10,6,16,11,22,14,15,7,11,14,10,7,5,7,11,11,14,11,3,13,19,21,19,17,9,15,20,23,8,4,5,11,15,19,20,11,,,,,,,,,,,,,,,,,,,,,,,
308,西松高中,松山區,121.567127,25.055672,19,19,20,12,6,11,5,0,14,9,0,0,12,14,18,23,14,21,23,12,11,20,21,11,7,25,26,18,0,1,8,10,13,8,15,17,15,20,15,13,8,20,20,25,25,20,6,11,12,15,6,15,23,20,25,22,21,19,16,18,,,,,,,,,,,,,,,,,,,,,,,
309,三軍總醫院(松山分院),松山區,121.556098,25.05447,25,26,24,23,22,8,9,10,10,14,8,3,10,12,11,14,24,20,24,30,26,26,18,10,12,12,13,17,6,0,10,12,14,20,25,28,27,35,28,24,24,22,26,15,18,15,21,20,20,19,16,22,36,25,27,26,24,17,5,14,,,,,,,,,,,,,,,,,,,,,,,
310,國立臺北大學(臺北校區),中山區,121.542732,25.057923,9,2,25,22,22,22,18,21,22,18,4,16,0,3,7,10,15,15,6,25,21,8,15,19,19,22,23,9,21,11,6,7,7,2,3,0,6,5,22,13,18,15,5,15,18,15,14,17,17,13,15,18,17,19,16,14,23,27,17,19,,,,,,,,,,,,,,,,,,,,,,,
311,捷運忠孝新生站(2號出口),中正區,121.532229,25.042392,13,13,20,7,6,7,14,14,14,10,4,0,10,15,7,10,5,1,19,18,13,2,0,1,1,6,5,6,0,15,5,2,7,7,5,1,13,16,21,14,15,17,15,18,16,9,13,15,12,10,2,7,3,1,17,18,18,22,15,19,,,,,,,,,,,,,,,,,,,,,,,
312,捷運信義安和站(1號出口),大安區,121.552787,25.033323,25,8,1,2,0,1,5,10,10,4,5,11,30,20,19,9,5,3,23,1,0,7,1,2,5,6,0,5,4,14,7,9,3,8,8,5,27,7,4,3,2,5,2,6,10,6,0,1,4,11,11,6,16,8,24,22,20,15,11,11,,,,,,,,,,,,,,,,,,,,,,,
313,光華商場,中正區,121.532738,25.04515,29,26,33,37,34,37,43,40,44,52,48,52,39,23,23,9,8,7,29,24,24,32,39,42,42,37,43,38,21,1,2,3,0,7,6,0,21,19,25,28,37,46,60,56,49,49,49,45,37,46,34,32,28,34,30,25,15,17,29,31,,,,,,,,,,,,,,,,,,,,,,,
314,敦化長春路口,松山區,121.54872,25.053614,7,17,11,21,18,17,8,18,13,13,28,13,24,17,11,0,2,13,4,13,15,12,18,12,9,16,5,17,6,21,24,19,9,6,3,2,8,18,8,17,23,12,13,17,18,21,17,15,15,20,17,26,22,17,15,15,22,5,0,9,,,,,,,,,,,,,,,,,,,,,,,
315,捷運萬隆站(1號出口),文山區,121.539037,25.001447,15,18,20,22,20,20,22,23,21,21,19,22,19,17,16,22,21,16,22,20,19,19,19,22,21,22,24,28,28,14,11,11,13,4,11,13,19,22,22,12,13,15,15,13,12,16,16,13,10,10,16,18,25,15,19,18,20,18,19,16,,,,,,,,,,,,,,,,,,,,,,,
316,民有一號公園,松山區,121.54763,25.060911,20,15,31,15,21,20,20,27,19,13,10,5,0,0,6,10,15,18,10,21,24,23,22,25,27,23,18,19,18,12,8,5,10,16,20,21,6,2,21,19,22,19,20,14,15,14,12,15,16,12,14,12,25,30,20,20,19,21,16,8,,,,,,,,,,,,,,,,,,,,,,,
317,雙園國中,萬華區,121.491675,25.026823,17,14,14,16,12,10,10,8,4,1,2,10,4,8,11,20,22,16,15,14,15,15,13,14,4,4,3,3,6,6,3,9,7,7,11,12,6,2,2,5,4,2,3,4,2,6,8,5,5,12,8,11,18,21,22,24,24,25,26,19,,,,,,,,,,,,,,,,,,,,,,,
318,成功金龍路口,內湖區,121.59484,25.084135,7,12,23,22,22,18,22,15,14,17,15,17,17,14,11,20,9,4,8,6,8,7,12,11,12,16,17,19,13,5,3,7,6,10,2,2,16,28,12,8,10,12,18,14,16,15,17,17,10,4,15,8,2,9,10,15,23,12,19,14,,,,,,,,,,,,,,,,,,,,,,,
319,民族林森路口,中山區,121.525322,25.068507,11,7,10,16,15,14,11,16,18,23,19,23,30,14,15,12,18,14,16,14,13,17,16,18,14,19,16,13,14,14,10,8,10,16,18,17,23,21,25,27,14,13,14,14,14,14,13,7,8,2,8,3,10,12,5,5,4,13,12,9,,,,,,,,,,,,,,,,,,,,,,,
320,捷運南京三民站(3號出口),松山區,121.564262,25.051287,9,9,1,4,6,8,12,10,9,11,2,1,1,12,3,0,0,8,8,1,1,3,8,5,9,9,9,9,3,4,6,14,14,3,0,2,9,12,16,2,0,8,11,11,6,5,12,12,4,8,8,7,5,0,12,11,14,8,5,4,,,,,,,,,,,,,,,,,,,,,,,
321,莒光大埔街口,中正區,121.505085,25.031334,20,17,15,12,10,11,11,9,10,11,10,12,11,13,13,17,23,17,18,12,13,12,11,9,5,2,1,3,5,11,10,14,8,19,26,27,22,21,11,11,10,12,13,19,5,6,10,10,10,12,13,22,13,14,11,8,10,7,10,9,,,,,,,,,,,,,,,,,,,,,,,
322,永盛公園(民生東路一段23巷),中山區,121.52504,25.058835,2,12,14,10,8,7,8,9,11,11,13,18,22,18,6,12,10,11,9,8,8,5,2,3,1,3,7,5,11,7,5,4,9,10,17,20,8,4,5,2,5,6,3,4,9,9,12,13,14,17,13,12,16,16,19,19,20,19,18,14,,,,,,,,,,,,,,,,,,,,,,,
323,新興公園,中山區,121.524392,25.061568,13,9,6,6,7,8,10,13,15,10,7,3,3,2,1,14,14,14,9,2,1,4,5,4,6,5,5,7,10,9,12,10,7,13,14,16,11,7,5,8,9,11,9,6,8,7,6,8,9,14,0,0,4,1,5,4,4,3,1,1,,,,,,,,,,,,,,,,,,,,,,,
324,市立圖書館葫蘆堵分館,士林區,121.5108,25.08221,15,11,7,5,5,3,8,12,13,10,12,0,10,12,9,6,10,15,11,7,7,4,2,2,1,3,8,8,12,4,6,10,18,9,14,9,14,12,11,9,9,7,8,10,10,12,6,11,4,9,2,5,16,17,8,5,6,7,9,10,,,,,,,,,,,,,,,,,,,,,,,
325,南京東路六段368巷,內湖區,121.58707,25.05827,13,13,15,20,20,21,20,22,22,23,19,11,6,2,7,10,9,9,10,12,13,15,17,18,18,16,17,16,17,5,3,2,3,4,2,1,7,7,9,13,14,15,19,20,20,20,17,18,7,6,4,6,6,6,11,12,14,13,14,15,,,,,,,,,,,,,,,,,,,,,,,
326,基隆路一段101巷口,信義區,121.56709,25.04525,25,20,28,10,14,10,11,9,8,16,18,12,17,21,29,12,18,15,16,20,22,18,19,16,15,12,8,5,9,1,2,8,12,17,16,20,11,7,14,12,13,13,14,9,11,13,18,15,4,5,7,7,1,14,13,12,8,2,0,12,,,,,,,,,,,,,,,,,,,,,,,
327,重慶南海路口,中正區,121.51464,25.03158,11,7,21,16,12,9,7,11,17,13,0,23,8,4,3,8,8,7,13,13,12,18,18,17,9,15,5,13,11,6,1,12,3,5,13,11,15,11,5,11,14,12,20,7,7,16,13,10,18,19,11,13,17,17,11,9,10,11,11,11,,,,,,,,,,,,,,,,,,,,,,,
328,一江公園,中山區,121.53146,25.05316,10,15,23,27,27,25,24,18,11,9,11,0,6,2,2,3,5,6,8,31,31,14,15,28,30,30,27,31,34,12,12,0,2,13,16,21,16,14,30,22,25,20,17,10,9,27,28,28,28,24,18,11,10,15,10,9,6,9,18,14,,,,,,,,,,,,,,,,,,,,,,,
329,樂群二明水路口,中山區,121.55236,25.07983,20,14,23,24,25,30,31,34,21,19,14,12,14,17,7,8,7,9,10,8,9,17,17,19,17,21,23,25,23,11,8,12,8,0,1,4,3,1,7,18,22,30,18,19,14,12,13,11,14,14,2,2,3,3,12,12,16,23,22,24,,,,,,,,,,,,,,,,,,,,,,,
330,迪化休閒運動公園,大同區,121.5115,25.07491,6,5,5,17,20,21,21,19,20,9,8,7,5,0,2,6,6,10,9,7,6,8,11,13,14,9,8,9,8,5,4,2,6,9,11,14,14,16,19,22,14,13,14,12,10,12,14,16,14,13,14,16,17,21,12,11,14,14,13,12,,,,,,,,,,,,,,,,,,,,,,,
331,民族玉門街口,中山區,121.51974,25.06859,20,15,12,10,12,10,11,9,9,10,9,8,5,5,14,16,19,21,28,24,25,23,12,12,15,11,10,11,7,16,18,14,9,6,10,12,20,18,14,11,12,11,7,5,4,6,7,2,2,10,7,4,0,13,11,12,12,19,24,26,,,,,,,,,,,,,,,,,,,,,,,
332,捷運中山站(2號出口),中山區,121.52193,25.05225,14,19,13,14,9,5,14,14,14,9,2,5,14,5,28,1,17,12,9,12,13,10,12,14,27,21,26,20,21,19,11,10,27,7,16,14,11,13,1,4,8,15,11,5,15,15,17,24,13,4,8,9,11,4,15,20,20,13,16,18,,,,,,,,,,,,,,,,,,,,,,,
333,復盛公園,松山區,121.561182,25.047428,14,9,1,12,12,11,12,14,14,10,15,17,13,23,26,26,15,16,12,8,10,7,4,14,11,15,14,12,14,4,9,12,15,23,20,20,23,14,3,3,16,12,13,15,19,5,5,8,10,20,17,21,20,22,18,15,14,13,14,13,,,,,,,,,,,,,,,,,,,,,,,
334,敦化南路二段103巷口,大安區,121.549024,25.028973,1,4,13,11,0,0,1,12,3,8,9,10,2,1,0,11,19,13,14,9,2,6,5,5,3,12,4,5,4,2,2,0,11,15,17,19,8,21,10,3,5,6,1,1,4,6,3,4,11,14,12,4,4,21,8,4,10,16,16,13,,,,,,,,,,,,,,,,,,,,,,,
335,景文中學,文山區,121.567855,24.986301,7,13,13,13,12,12,10,12,11,9,6,0,8,3,5,4,6,8,12,15,15,15,15,14,14,14,11,11,3,0,0,0,16,13,16,13,17,22,24,24,24,23,22,20,23,22,21,19,11,7,6,5,9,13,13,14,14,15,15,13,,,,,,,,,,,,,,,,,,,,,,,
336,承德路三段8巷口,大同區,121.51815,25.06382,8,4,15,14,13,15,17,14,15,13,13,8,6,8,14,11,12,13,3,15,14,12,7,8,3,6,5,2,8,14,18,9,4,1,3,4,5,7,15,17,14,12,10,6,8,7,5,13,14,12,10,10,13,11,4,8,7,6,4,4,,,,,,,,,,,,,,,,,,,,,,,
337,彩虹橋,內湖區,121.57592,25.05301,10,8,5,5,5,4,6,7,5,5,5,9,22,21,17,15,15,18,17,14,14,14,15,14,15,15,15,15,15,24,13,17,18,18,16,15,13,11,10,12,13,12,12,12,13,11,10,11,13,14,7,9,8,6,15,14,13,13,14,13,,,,,,,,,,,,,,,,,,,,,,,
338,成德國中,南港區,121.58794,25.04573,10,20,6,8,7,5,2,13,12,14,15,15,18,31,9,15,20,25,7,4,3,13,13,10,5,8,14,13,10,5,9,14,16,11,23,9,3,1,1,11,8,6,10,9,12,12,13,12,16,11,11,10,17,25,19,14,16,16,14,10,,,,,,,,,,,,,,,,,,,,,,,
339,重慶國中,大同區,121.51816,25.07581,20,34,20,15,17,15,1,9,10,8,0,1,2,9,12,15,16,18,5,17,17,15,15,13,0,8,1,8,5,4,4,10,13,16,16,19,6,13,17,17,15,15,18,11,11,6,3,4,4,11,10,15,18,19,20,19,21,20,22,24,,,,,,,,,,,,,,,,,,,,,,,
340,南京光復路口,松山區,121.55716,25.05143,4,2,22,10,11,15,11,14,11,3,1,3,1,1,3,5,7,9,9,21,22,13,13,12,8,17,17,15,9,0,9,7,5,0,2,8,4,2,20,10,10,9,12,13,13,13,13,12,3,10,7,0,0,1,11,11,15,17,17,12,,,,,,,,,,,,,,,,,,,,,,,
341,捷運芝山站(1號出口),士林區,121.52243,25.10094,10,6,4,2,0,16,16,12,12,10,11,12,9,10,16,12,7,5,11,9,9,6,7,6,5,5,5,1,3,2,0,11,5,0,11,8,5,4,11,9,12,12,13,11,13,14,19,20,18,20,21,18,10,10,6,4,17,17,18,20,,,,,,,,,,,,,,,,,,,,,,,
342,文林建民路口,北投區,121.51468,25.10779,21,18,20,18,17,16,17,17,14,15,16,2,4,10,14,17,22,23,21,14,15,12,11,10,8,8,8,7,12,12,16,20,21,20,25,27,24,18,21,22,22,22,19,18,17,17,17,15,14,15,19,21,25,21,24,24,25,22,23,20,,,,,,,,,,,,,,,,,,,,,,,
343,忠孝東路六段185巷口,南港區,121.58755,25.04904,13,21,4,2,4,4,4,5,1,8,13,11,15,14,28,27,22,27,24,18,15,13,14,9,5,4,3,2,2,5,11,18,7,16,17,21,15,25,12,9,8,7,2,4,3,2,1,6,9,0,8,7,13,28,12,11,10,7,19,19,,,,,,,,,,,,,,,,,,,,,,,
344,捷運忠孝復興站(5號出口),大安區,121.54401,25.04264,19,13,2,2,2,4,3,4,14,15,12,18,10,9,12,0,12,10,17,15,14,11,6,11,18,13,22,18,13,21,21,25,18,15,2,1,25,23,16,12,8,10,13,18,18,17,18,17,12,11,11,1,1,0,13,13,10,11,9,22,,,,,,,,,,,,,,,,,,,,,,,
345,中正運動中心,中正區,121.51943,25.03806,12,17,24,20,25,13,16,13,8,9,10,15,11,19,7,0,7,8,14,16,17,26,20,22,23,9,6,14,10,19,27,19,17,0,0,7,12,8,13,22,24,21,12,25,22,18,16,13,9,10,1,3,9,9,14,19,19,10,17,18,,,,,,,,,,,,,,,,,,,,,,,
346,陽明高中,士林區,121.51669,25.09157,15,21,25,25,25,24,23,24,22,22,23,15,17,13,13,16,17,18,23,21,20,24,24,23,19,20,18,16,13,22,22,15,12,14,15,17,21,26,25,27,28,27,26,26,26,24,24,22,24,24,20,23,23,23,16,20,25,23,21,11,,,,,,,,,,,,,,,,,,,,,,,
347,博愛寶慶路口,中正區,121.51135,25.04134,13,22,15,16,10,12,14,18,15,18,14,11,7,3,10,12,7,6,6,16,15,17,20,16,10,11,10,16,15,4,8,5,2,2,0,6,4,13,6,14,16,19,14,16,17,14,11,6,3,13,12,8,8,7,4,5,9,15,14,12,,,,,,,,,,,,,,,,,,,,,,,
348,民生立體停車場,松山區,121.55945,25.05794,14,13,15,10,11,12,5,1,8,7,8,6,8,9,13,16,5,8,18,14,11,14,16,12,7,15,19,17,3,10,8,20,3,6,9,12,18,17,15,14,17,20,11,9,12,12,14,6,10,4,6,12,20,17,15,13,7,5,9,7,,,,,,,,,,,,,,,,,,,,,,,
349,重慶酒泉街口,大同區,121.51364,25.07183,20,11,16,13,12,12,9,7,3,8,6,7,10,13,10,15,15,16,21,6,7,4,2,3,2,5,3,0,1,2,4,11,5,4,16,16,22,22,9,9,10,3,2,10,11,10,11,10,10,11,7,7,9,9,18,13,18,17,15,11,,,,,,,,,,,,,,,,,,,,,,,
350,復興南路二段128巷口,大安區,121.54336,25.02904,29,13,8,1,10,6,1,6,10,8,5,8,17,6,23,25,25,15,22,12,13,1,1,18,12,21,16,20,10,8,7,14,18,19,25,19,18,14,10,19,20,22,17,11,8,18,22,29,34,34,21,24,20,15,10,25,21,20,22,15,,,,,,,,,,,,,,,,,,,,,,,
351,中山青島路口,中正區,121.51954,25.04469,20,18,11,12,17,16,18,18,19,24,19,15,6,3,3,1,0,6,10,13,12,15,14,14,12,19,23,23,8,9,5,2,7,1,0,0,13,30,22,27,25,26,28,35,32,27,23,30,21,15,19,15,4,6,23,26,23,23,29,25,,,,,,,,,,,,,,,,,,,,,,,
352,民權迪化街口,大同區,121.50944,25.06318,28,9,8,8,10,10,10,10,9,11,9,11,16,5,15,15,5,7,11,5,6,5,3,5,4,3,2,5,4,5,5,11,13,12,20,21,11,9,2,3,1,0,0,3,5,5,4,5,8,9,9,7,9,9,7,6,5,3,2,1,,,,,,,,,,,,,,,,,,,,,,,
353,紀州庵,中正區,121.52049,25.02088,12,15,3,3,4,5,8,4,3,3,1,4,16,5,9,17,21,25,15,11,12,2,5,3,3,1,4,3,8,15,5,12,18,19,23,20,15,26,8,11,10,9,4,3,1,2,4,8,14,12,3,8,12,16,20,28,22,22,17,15,,,,,,,,,,,,,,,,,,,,,,,
354,建國濟南路口,大安區,121.538084,25.040033,4,6,13,21,18,9,1,2,4,3,4,5,3,5,9,3,6,2,6,9,9,10,12,8,12,11,10,8,10,1,0,1,3,4,6,7,14,12,11,14,16,20,14,13,13,12,12,10,7,6,9,13,14,15,14,11,15,17,21,6,,,,,,,,,,,,,,,,,,,,,,,
355,福山公園,南港區,121.61759,25.04478,13,13,17,24,20,24,20,19,11,10,17,10,3,5,7,13,19,19,17,13,14,21,28,11,10,14,12,14,7,10,9,13,17,8,15,12,13,13,12,19,13,15,14,20,13,16,14,12,9,12,10,9,14,15,14,14,14,10,13,12,,,,,,,,,,,,,,,,,,,,,,,
356,臺北市網球中心,內湖區,121.59749,25.0674,5,4,1,1,1,3,5,7,5,3,2,0,5,3,2,2,1,3,3,1,1,0,1,1,4,7,7,7,5,0,3,5,5,4,2,1,2,0,13,13,14,14,11,16,18,19,19,19,18,19,15,13,17,14,15,11,11,11,13,11,,,,,,,,,,,,,,,,,,,,,,,
357,松友公園,信義區,121.57636,25.03423,12,9,8,9,18,18,19,15,9,6,3,18,15,8,6,13,15,6,7,8,8,17,20,16,15,18,11,7,11,12,20,8,21,8,20,5,8,15,19,7,4,1,8,8,10,13,17,20,13,14,11,8,13,7,13,7,14,16,13,12,,,,,,,,,,,,,,,,,,,,,,,
358,新明成功路口,內湖區,121.5911,25.06058,14,8,5,4,3,16,15,15,13,13,9,8,8,5,5,2,2,2,2,4,4,4,14,15,14,13,11,11,9,1,0,2,2,4,6,6,13,9,4,13,15,14,13,13,14,14,13,12,12,11,9,8,7,7,12,11,10,8,8,8,,,,,,,,,,,,,,,,,,,,,,,
359,健安新城,松山區,121.56358,25.05601,25,9,9,1,11,10,2,4,1,5,12,7,10,20,24,21,26,19,21,5,6,8,9,4,1,1,7,13,13,18,20,18,28,5,16,19,26,13,3,15,16,13,12,13,13,8,8,18,14,13,20,4,13,26,25,26,12,1,12,5,,,,,,,,,,,,,,,,,,,,,,,
360,民權建國路口,中山區,121.53754,25.06252,14,7,21,23,31,30,26,27,23,13,17,7,2,0,3,1,5,6,13,14,15,25,26,28,29,34,30,31,22,19,8,8,2,0,3,8,16,1,20,23,33,35,34,29,30,27,26,25,16,18,13,9,16,22,28,29,28,30,33,25,,,,,,,,,,,,,,,,,,,,,,,
361,振興醫院,北投區,121.5222,25.1177,11,29,16,24,23,27,27,26,20,17,7,3,15,9,9,9,14,16,12,21,21,25,28,17,18,22,21,19,11,7,2,6,2,3,3,1,12,20,10,5,23,20,22,23,22,23,25,20,22,24,17,15,7,5,14,24,22,21,18,12,,,,,,,,,,,,,,,,,,,,,,,
362,和平金山路口,大安區,121.52533,25.02672,7,3,1,3,4,4,3,1,1,1,0,2,1,2,9,4,3,4,7,8,7,7,10,10,12,14,19,17,12,7,10,5,2,1,9,14,14,12,16,13,14,13,14,9,13,15,14,10,9,16,15,11,16,14,11,9,8,3,9,8,,,,,,,,,,,,,,,,,,,,,,,
363,復興南路一段340巷口,大安區,121.5435,25.03617,13,6,24,12,13,11,6,6,15,15,21,6,20,12,6,1,10,12,17,31,26,19,18,21,23,28,16,17,5,14,12,12,25,12,5,4,17,4,14,12,11,8,4,7,9,13,20,16,13,11,7,2,1,20,21,26,20,20,21,20,,,,,,,,,,,,,,,,,,,,,,,
364,嘉興公園,大安區,121.55219,25.02109,21,9,10,31,24,19,17,19,7,1,2,5,23,10,15,19,3,8,12,17,16,0,12,7,2,0,2,5,5,27,8,16,5,28,3,16,19,16,27,27,30,27,23,19,17,19,21,29,15,20,8,13,7,8,16,13,31,26,18,38,,,,,,,,,,,,,,,,,,,,,,,
365,陽明大學,北投區,121.51223,25.11912,31,25,35,31,32,32,35,36,39,37,30,24,31,28,31,37,40,42,36,25,26,27,25,26,21,20,21,22,26,23,19,17,13,22,29,31,27,29,31,26,31,29,23,22,29,28,23,22,23,27,33,41,40,38,38,36,31,29,25,19,,,,,,,,,,,,,,,,,,,,,,,
366,碧湖公園,內湖區,121.58287,25.07988,10,9,9,8,5,3,2,3,3,3,3,1,4,2,6,8,7,7,7,3,0,0,1,8,7,6,9,9,8,11,11,12,13,10,10,12,12,9,3,1,8,9,5,2,3,2,0,4,5,6,3,13,18,19,20,20,18,18,17,17,,,,,,,,,,,,,,,,,,,,,,,
367,豐年公園,北投區,121.497019,25.13597,17,4,0,6,5,1,2,5,5,2,8,12,3,19,12,14,17,21,17,5,5,3,2,1,2,0,4,4,7,14,15,14,18,13,18,23,18,13,7,4,0,8,12,11,12,12,11,8,6,7,15,8,14,17,11,7,7,7,2,4,,,,,,,,,,,,,,,,,,,,,,,
368,臺灣戲曲中心,士林區,121.51979,25.10208,9,12,15,15,15,15,14,12,12,8,12,2,2,1,0,4,3,4,5,12,13,11,14,14,12,12,11,12,11,11,11,11,10,11,10,13,14,18,22,21,22,21,21,22,21,21,20,19,20,20,21,21,21,22,20,20,20,20,20,21,,,,,,,,,,,,,,,,,,,,,,,
369,世新大學,文山區,121.54361,24.98862,17,16,18,20,20,11,16,16,18,13,16,16,11,8,10,7,3,13,14,15,15,17,17,19,17,20,17,14,10,7,6,9,7,4,8,5,3,2,14,14,14,15,16,18,17,18,17,17,18,18,16,11,7,5,3,1,15,18,20,17,,,,,,,,,,,,,,,,,,,,,,,
370,新和國小,萬華區,121.50242,25.02656,13,1,17,16,18,12,14,10,6,8,6,5,14,16,17,13,12,17,15,21,21,17,15,17,19,16,14,17,14,13,14,17,22,13,17,18,20,14,5,7,8,8,8,7,1,1,2,5,6,5,7,14,21,22,18,15,10,10,9,9,,,,,,,,,,,,,,,,,,,,,,,
371,南門國中,中正區,121.50834,25.03532,10,15,20,21,21,18,16,11,11,14,9,10,9,9,8,13,6,5,12,25,25,21,21,27,30,29,33,33,22,14,13,13,10,1,3,2,12,14,20,19,19,21,11,10,14,15,12,13,13,15,14,11,10,5,11,11,13,12,9,4,,,,,,,,,,,,,,,,,,,,,,,
372,重慶民族路口,大同區,121.51359,25.06825,14,13,4,8,6,5,7,11,2,3,4,0,13,17,7,12,16,21,14,0,1,3,6,2,2,1,0,4,7,3,4,10,2,10,18,20,21,5,5,8,10,11,10,9,7,10,12,12,11,1,6,9,19,13,11,10,6,9,10,10,,,,,,,,,,,,,,,,,,,,,,,
373,中崙福成宮,松山區,121.546635,25.04525,19,23,19,15,13,10,9,7,8,9,12,9,14,11,11,5,6,4,14,12,11,9,10,10,6,9,9,6,2,1,6,3,10,9,15,15,15,17,11,9,11,10,11,17,19,14,15,17,17,12,21,18,15,8,9,12,7,11,11,16,,,,,,,,,,,,,,,,,,,,,,,
374,麗湖國小,內湖區,121.602225,25.073322,10,10,12,14,12,10,9,12,12,12,12,15,11,24,10,15,15,15,10,10,11,11,9,9,9,9,10,8,8,6,5,3,5,6,7,6,10,9,12,12,11,8,9,9,4,2,3,6,8,9,11,4,2,2,4,4,7,6,5,5,,,,,,,,,,,,,,,,,,,,,,,
375,銘傳大學,士林區,121.526766,25.087714,18,18,18,19,20,27,25,29,27,25,19,17,19,14,14,15,14,14,13,9,9,12,12,8,7,5,8,8,6,3,0,6,5,1,0,1,11,9,10,9,11,11,13,14,17,16,15,12,9,8,9,5,3,2,10,9,13,11,11,11,,,,,,,,,,,,,,,,,,,,,,,
376,民生建國路口,中山區,121.536915,25.057778,9,6,17,26,28,31,31,32,28,30,33,25,10,8,8,8,10,8,10,10,18,20,23,20,18,16,18,17,14,1,0,18,16,15,17,19,9,7,15,23,23,26,20,21,20,17,10,8,1,13,23,27,9,6,5,5,5,6,7,7,,,,,,,,,,,,,,,,,,,,,,,
377,南港路二段178巷口,南港區,121.599693,25.053675,7,8,13,10,9,10,5,7,5,4,9,7,5,1,0,1,1,2,3,9,9,7,7,6,4,3,2,2,1,1,1,3,2,4,9,9,9,5,7,10,11,9,10,14,11,11,9,10,7,9,11,12,15,21,8,8,8,4,5,5,,,,,,,,,,,,,,,,,,,,,,,
378,陽光街321巷口,內湖區,121.578691,25.073193,4,17,7,13,13,14,12,17,12,9,2,9,11,1,7,1,0,8,8,26,27,6,15,13,11,10,11,13,6,4,0,1,5,5,3,3,5,3,17,9,10,9,8,12,14,14,3,11,2,17,5,3,5,6,5,6,7,12,13,17,,,,,,,,,,,,,,,,,,,,,,,
379,春光公園,信義區,121.580762,25.042619,31,28,23,25,19,24,23,18,20,21,11,10,12,11,18,37,24,25,29,31,31,22,23,23,25,24,23,19,19,13,20,7,17,27,24,23,24,24,21,22,21,25,21,23,22,9,11,10,11,8,7,10,19,27,22,20,27,23,23,24,,,,,,,,,,,,,,,,,,,,,,,
380,塔悠疏散門,松山區,121.567899,25.064713,8,7,5,5,8,9,7,10,11,10,11,13,16,18,23,24,29,16,7,6,6,3,3,2,2,3,3,4,5,3,5,5,11,14,18,20,6,4,1,1,2,1,5,4,4,9,11,12,16,11,13,16,21,21,9,9,8,8,10,8,,,,,,,,,,,,,,,,,,,,,,,
381,民權東路六段15巷,內湖區,121.578125,25.06853,6,10,9,13,14,15,11,8,10,17,17,17,10,3,2,2,3,3,6,14,14,17,19,20,18,16,22,21,20,15,9,5,4,3,1,3,6,9,16,16,16,15,15,14,19,19,19,17,15,10,7,8,8,8,7,7,7,6,9,10,,,,,,,,,,,,,,,,,,,,,,,
382,聯合醫院和平院區,中正區,121.50639,25.03516,3,14,8,15,13,12,14,8,10,9,6,3,18,14,16,8,9,21,27,20,18,23,21,20,22,21,19,12,5,4,8,9,7,4,2,16,25,29,24,26,25,21,18,26,26,21,11,11,11,16,12,12,12,13,25,24,33,35,37,35,,,,,,,,,,,,,,,,,,,,,,,
383,一壽橋,文山區,121.55545,24.97848,11,10,9,7,10,8,9,10,8,9,8,6,4,6,13,4,5,6,13,12,12,11,13,13,11,11,7,8,5,13,15,2,8,10,11,14,11,7,6,7,8,8,9,6,6,9,9,9,12,9,9,11,14,15,15,14,11,9,13,16,,,,,,,,,,,,,,,,,,,,,,,
384,松基公園,松山區,121.5448,25.05491,10,18,26,29,28,20,19,23,20,22,19,23,15,7,2,1,0,4,9,13,15,18,22,23,22,20,19,17,17,2,5,0,5,8,10,10,5,9,19,24,16,16,17,13,13,14,14,22,17,12,12,15,21,21,20,21,19,19,17,16,,,,,,,,,,,,,,,,,,,,,,,
385,和興路26巷口,文山區,121.54531,24.9856,25,24,25,27,23,22,19,20,20,20,20,7,11,12,12,18,24,26,23,21,21,23,21,21,19,18,14,14,16,18,18,21,28,22,24,14,15,14,11,7,5,4,5,1,0,0,0,1,13,12,19,22,13,17,17,16,18,18,12,12,,,,,,,,,,,,,,,,,,,,,,,
386,錦州吉林路口,中山區,121.52981,25.06029,20,19,14,7,7,2,3,4,3,2,0,7,12,11,4,9,12,18,17,16,15,5,5,5,5,2,2,3,4,7,8,3,0,12,18,24,24,15,4,0,5,7,13,9,10,9,9,7,9,1,1,9,14,18,20,20,22,20,18,20,,,,,,,,,,,,,,,,,,,,,,,
387,吳興街260巷,信義區,121.56316,25.0261,11,11,12,2,4,6,8,10,11,6,2,5,15,21,15,7,21,13,12,8,3,7,1,4,6,8,6,2,0,7,23,9,16,21,21,10,15,0,6,16,17,16,19,18,19,20,4,9,14,4,4,9,1,7,9,17,10,18,7,9,,,,,,,,,,,,,,,,,,,,,,,
388,景華街128巷口,文山區,121.547092,24.995563,3,21,11,1,14,11,9,13,13,14,18,9,2,7,10,15,10,5,14,16,16,15,11,9,8,11,11,15,1,5,6,17,10,11,10,5,10,10,8,8,5,8,7,13,12,15,11,8,9,11,3,5,12,10,13,7,19,13,14,10,,,,,,,,,,,,,,,,,,,,,,,
389,福德國小,信義區,121.586245,25.038324,20,3,15,8,12,10,8,3,8,4,2,5,23,21,11,30,19,13,17,0,2,1,8,17,15,11,14,22,19,7,15,26,13,11,20,5,17,10,15,3,1,1,4,4,3,10,15,18,17,29,12,13,22,25,19,22,20,17,8,16,,,,,,,,,,,,,,,,,,,,,,,
390,稻香重三路口,北投區,121.489594,25.139937,23,15,10,6,4,2,1,1,0,2,0,2,5,11,21,14,18,20,19,9,9,3,2,4,7,9,7,6,6,7,11,12,17,13,25,28,27,19,14,13,12,8,7,8,6,5,3,2,6,9,13,18,20,30,21,22,22,22,21,18,,,,,,,,,,,,,,,,,,,,,,,
391,景仁公園,文山區,121.540295,24.9966,11,8,7,8,3,10,10,9,6,7,5,1,9,2,0,2,6,6,14,10,11,10,10,9,6,13,11,13,10,13,12,5,9,15,11,15,14,10,8,7,10,7,9,9,8,10,10,10,11,16,9,6,8,10,17,16,13,15,16,13,,,,,,,,,,,,,,,,,,,,,,,
392,南京東興路口,松山區,121.565347,25.051489,10,1,7,0,10,10,13,26,24,23,13,8,1,3,7,8,4,8,3,9,6,3,4,4,11,14,16,11,2,3,6,0,6,14,11,10,27,21,10,1,0,8,10,4,10,10,9,3,6,1,10,8,1,6,11,5,14,8,8,7,,,,,,,,,,,,,,,,,,,,,,,
393,內溝溪生態展示館,內湖區,121.623062,25.087217,13,13,13,13,14,13,14,15,15,16,16,16,16,16,17,17,17,17,18,18,18,18,11,11,11,10,10,12,12,11,11,11,12,13,13,13,11,12,12,12,12,12,12,12,12,13,10,10,10,10,11,11,10,10,10,11,10,10,7,7,,,,,,,,,,,,,,,,,,,,,,,
394,松德虎林街口,信義區,121.576248,25.038352,16,15,14,7,2,15,20,22,22,25,17,19,6,25,26,27,24,17,11,20,16,10,10,14,9,11,5,5,6,11,21,24,12,13,8,9,7,18,9,14,10,10,16,19,22,28,25,10,7,8,12,21,29,21,19,19,11,10,15,19,,,,,,,,,,,,,,,,,,,,,,,
395,安強公園,信義區,121.575413,25.036844,17,5,15,3,15,11,11,15,21,3,4,3,1,15,10,21,11,18,21,16,20,24,6,3,16,17,15,14,15,1,3,4,6,21,20,21,17,1,8,8,15,18,16,22,22,23,19,17,14,3,4,15,28,13,10,24,18,14,7,3,,,,,,,,,,,,,,,,,,,,,,,
396,新東街51巷口,松山區,121.563318,25.061501,13,13,13,13,9,10,8,11,12,9,11,12,2,10,14,13,21,26,15,16,15,13,11,12,11,8,16,13,4,6,9,22,11,13,15,17,18,14,12,0,3,1,3,11,12,13,13,15,14,14,18,22,12,13,16,17,10,6,9,10,,,,,,,,,,,,,,,,,,,,,,,
397,劍潭海外青年活動中心,士林區,121.5237,25.079603,17,14,13,15,14,15,13,9,8,7,4,4,13,14,18,21,21,23,21,9,9,13,14,12,9,11,7,5,3,8,10,11,13,23,25,27,12,8,4,8,8,9,5,6,6,7,6,5,7,10,16,20,17,18,17,17,24,24,18,23,,,,,,,,,,,,,,,,,,,,,,,
398,聯合醫院陽明院區,士林區,121.531949,25.104546,18,18,21,24,21,19,15,17,16,15,13,5,2,3,6,4,4,14,17,13,14,15,14,13,12,17,17,17,16,6,10,9,9,9,9,7,9,19,22,23,10,9,11,11,12,13,11,6,4,3,4,5,8,7,5,7,10,9,13,11,,,,,,,,,,,,,,,,,,,,,,,
399,和平龍泉街口,大安區,121.52946,25.026404,0,0,0,0,0,0,0,0,0,0,0,0,0,0,0,0,0,0,0,0,0,0,0,0,0,0,0,0,0,0,0,0,0,0,0,0,0,0,0,0,0,0,0,0,0,0,0,0,0,0,0,0,0,0,0,0,0,0,0,0,,,,,,,,,,,,,,,,,,,,,,,
400,和平敦化路口,大安區,121.549076,25.02444,2,2,5,1,0,0,14,12,15,19,14,3,2,7,18,10,18,15,1,12,16,12,5,0,5,21,12,8,15,4,0,9,3,0,3,3,4,4,7,5,10,10,7,20,24,27,25,28,21,7,4,11,7,2,8,9,8,12,13,12,,,,,,,,,,,,,,,,,,,,,,,
401,南京新生路口,中山區,121.527661,25.051944,25,17,15,15,15,10,4,2,9,17,21,19,11,16,9,15,13,5,23,20,21,29,31,25,21,16,13,17,20,8,13,16,10,21,23,22,16,12,11,13,8,8,3,12,13,18,13,5,4,14,18,5,4,15,23,17,19,19,16,12,,,,,,,,,,,,,,,,,,,,,,,
402,下灣公園,內湖區,121.595611,25.065159,11,11,9,9,10,10,10,9,10,10,10,9,8,9,7,5,6,6,6,6,6,6,6,6,5,6,5,7,7,4,5,5,5,5,5,4,5,5,3,3,2,2,2,2,2,2,3,4,5,6,3,4,4,5,3,3,2,1,2,3,,,,,,,,,,,,,,,,,,,,,,,
403,捷運內湖站(1號出口),內湖區,121.593929,25.083868,8,6,15,13,18,19,21,19,17,14,17,15,5,7,2,4,1,3,4,16,18,20,14,17,14,15,12,7,5,7,6,8,4,11,1,3,7,18,13,17,13,15,16,17,16,14,15,15,7,3,15,13,0,6,6,10,24,7,12,15,,,,,,,,,,,,,,,,,,,,,,,
404,民族延平路口,大同區,121.510569,25.068653,21,21,11,9,6,6,5,2,2,4,3,5,3,19,8,14,23,22,24,15,15,18,17,19,17,16,4,2,9,3,1,9,9,23,15,15,22,23,14,11,8,12,9,6,7,5,6,8,8,18,18,12,13,19,28,29,14,12,16,12,,,,,,,,,,,,,,,,,,,,,,,
